mπ,mK,mη,fπ,fK,fη,fϕ,mN,mL,mS,mX
134.61669872,490.2964208,549.16375593,91.4452995,109.90674252,118.83252916,106.72819039,948.02737502,1098.57851475,1171.72515907,1285.59852713
135.61669872,490.20515813,549.00564212,91.50108124,109.92107915,118.82308991,106.74841677,948.54411217,1098.83427363,1171.86252341,1285.5344851
136.61669872,490.1131452,548.84624852,91.55705663,109.93542959,118.81356986,106.76868536,949.06333216,1099.09084058,1171.99980223,1285.46913136
137.61669872,490.02038041,548.68557232,91.61322406,109.94979304,118.80396875,106.78899528,949.5850254,1099.34820666,1172.13698624,1285.4024574
138.61669872,489.92686217,548.52361068,91.66958197,109.96416865,118.79428635,106.80934566,950.10918243,1099.606363,1172.27406618,1285.33445478
139.61669872,489.83258888,548.36036071,91.72612878,109.97855562,118.78452242,106.82973561,950.63579398,1099.86530084,1172.41103293,1285.26511505
140.61669872,489.73755889,548.1958195,91.78286293,109.99295312,118.7746767,106.85016425,951.16485089,1100.12501151,1172.54787742,1285.1944298
141.61669872,489.64177058,548.02998411,91.83978286,110.00736033,118.76474895,106.87063071,951.69634416,1100.38548641,1172.68459067,1285.12239064
142.61669872,489.54522231,547.86285155,91.89688705,110.02177643,118.75473892,106.89113413,952.23026495,1100.64671704,1172.8211638,1285.0489892
143.61669872,489.44791241,547.69441882,91.95417394,110.03620061,118.74464635,106.91167363,952.76660454,1100.90869498,1172.957588,1284.97421714
144.61669872,489.34983921,547.52468286,92.01164203,110.05063206,118.73447099,106.93224836,953.30535438,1101.17141188,1173.09385454,1284.89806615
145.61669872,489.25100104,547.35364059,92.06928978,110.06506996,118.72421257,106.95285744,953.84650604,1101.43485951,1173.22995477,1284.82052793
146.61669872,489.15139618,547.1812889,92.12711571,110.07951349,118.71387085,106.97350002,954.39005123,1101.69902968,1173.36588013,1284.74159422
147.61669872,489.05102295,547.00762463,92.18511831,110.09396185,118.70344556,106.99417524,954.93598181,1101.96391431,1173.50162212,1284.66125677
148.61669872,488.94987963,546.8326446,92.24329608,110.10841423,118.69293644,107.01488225,955.48428977,1102.22950538,1173.63717233,1284.57950734
149.61669872,488.84796447,546.6563456,92.30164755,110.12286981,118.68234322,107.03562019,956.03496724,1102.49579497,1173.77252243,1284.49633775
150.61669872,488.74527574,546.47872435,92.36017124,110.13732779,118.67166563,107.05638822,956.58800647,1102.76277521,1173.90766416,1284.4117398
151.61669872,488.64181168,546.29977758,92.4188657,110.15178735,118.6609034,107.07718548,957.14339986,1103.03043834,1174.04258933,1284.32570534
152.61669872,488.53757052,546.11950195,92.47772945,110.1662477,118.65005627,107.09801114,957.70113991,1103.29877665,1174.17728983,1284.23822621
153.61669872,488.4325505,545.9378941,92.53676104,110.18070802,118.63912396,107.11886434,958.26121929,1103.56778252,1174.31175762,1284.14929431
154.61669872,488.3267498,545.75495062,92.59595904,110.1951675,118.62810619,107.13974424,958.82363077,1103.8374484,1174.44598472,1284.05890154
155.61669872,488.22016663,545.57066809,92.65532201,110.20962534,118.61700268,107.16065001,959.38836725,1104.1077668,1174.57996325,1283.9670398
156.61669872,488.11279917,545.38504302,92.71484852,110.22408074,118.60581316,107.18158081,959.95542175,1104.37873033,1174.71368537,1283.87370105
157.61669872,488.00464559,545.19807191,92.77453714,110.23853289,118.59453734,107.20253579,960.52478742,1104.65033164,1174.84714332,1283.77887723
158.61669872,487.89570405,545.0097512,92.83438647,110.25298098,118.58317494,107.22351413,961.09645752,1104.92256347,1174.98032941,1283.68256032
159.61669872,487.78597269,544.82007731,92.89439508,110.26742421,118.57172567,107.24451498,961.67042546,1105.19541863,1175.11323602,1283.58474232
160.61669872,487.67544965,544.62904662,92.95456159,110.28186177,118.56018924,107.26553753,962.24668472,1105.46888999,1175.24585558,1283.48541524
161.61669872,487.56413304,544.43665546,93.01488459,110.29629285,118.54856536,107.28658093,962.82522894,1105.7429705,1175.37818061,1283.3845711
162.61669872,487.45202096,544.24290013,93.07536269,110.31071667,118.53685373,107.30764436,963.40605185,1106.01765315,1175.51020366,1283.28220196
163.61669872,487.33911151,544.04777689,93.13599451,110.3251324,118.52505407,107.32872699,963.98914729,1106.29293103,1175.64191738,1283.17829987
164.61669872,487.22540278,543.85128197,93.19677868,110.33953924,118.51316607,107.349828,964.57450922,1106.56879726,1175.77331445,1283.07285692
165.61669872,487.11089282,543.65341153,93.25771382,110.35393639,118.50118944,107.37094655,965.16213173,1106.84524507,1175.90438764,1282.96586519
166.61669872,486.99557969,543.45416173,93.31879857,110.36832304,118.48912387,107.39208183,965.75200898,1107.1222677,1176.03512975,1282.85731682
167.61669872,486.87946143,543.25352866,93.38003157,110.38269839,118.47696905,107.413233,966.34413527,1107.39985848,1176.16553368,1282.74720391
168.61669872,486.76253607,543.05150839,93.44141146,110.39706163,118.46472468,107.43439926,966.93850499,1107.67801081,1176.29559234,1282.63551861
169.61669872,486.64480161,542.84809694,93.5029369,110.41141196,118.45239045,107.45557977,967.53511262,1107.95671814,1176.42529873,1282.52225309
170.61669872,486.52625607,542.64329029,93.56460654,110.42574856,118.43996605,107.47677371,968.13395278,1108.23597397,1176.5546459,1282.40739951
171.61669872,486.40689742,542.43708437,93.62641904,110.44007063,118.42745116,107.49798028,968.73502017,1108.51577186,1176.68362695,1282.29095006
172.61669872,486.28672363,542.22947508,93.68837308,110.45437736,118.41484548,107.51919864,969.33830957,1108.79610545,1176.81223505,1282.17289694
173.61669872,486.16573267,542.02045829,93.75046732,110.46866794,118.40214867,107.54042798,969.9438159,1109.07696841,1176.9404634,1282.05323236
174.61669872,486.04392248,541.8100298,93.81270045,110.48294157,118.38936042,107.56166748,970.55153415,1109.35835449,1177.06830528,1281.93194857
175.61669872,485.92129099,541.59818538,93.87507114,110.49719742,118.3764804,107.58291632,971.16145941,1109.64025747,1177.195754,1281.80903778
176.61669872,485.79783612,541.38492076,93.93757809,110.5114347,118.3635083,107.6041737,971.77358686,1109.9226712,1177.32280294,1281.68449227
177.61669872,485.67355577,541.17023164,94.00021998,110.52565259,118.35044377,107.62543878,972.38791178,1110.20558958,1177.44944551,1281.5583043
178.61669872,485.54844782,540.95411364,94.06299551,110.53985027,118.3372865,107.64671076,973.00442955,1110.48900657,1177.57567518,1281.43046614
179.61669872,485.42251016,540.73656238,94.12590339,110.55402694,118.32403614,107.66798882,973.62313561,1110.77291616,1177.70148549,1281.3009701
180.61669872,485.29574064,540.5175734,94.18894232,110.56818178,118.31069236,107.68927215,974.24402552,1111.05731242,1177.82686999,1281.16980847
181.61669872,485.1681371,540.29714221,94.252111,110.58231396,118.29725483,107.71055993,974.86709491,1111.34218945,1177.95182229,1281.03697357
182.61669872,485.03969739,540.07526429,94.31540816,110.59642268,118.2837232,107.73185135,975.4923395,1111.62754139,1178.07633607,1280.90245772
183.61669872,484.9104193,539.85193505,94.37883251,110.61050712,118.27009713,107.75314559,976.1197551,1111.91336247,1178.20040503,1280.76625328
184.61669872,484.78030066,539.62714986,94.44238278,110.62456646,118.25637627,107.77444184,976.74933758,1112.19964691,1178.32402292,1280.62835257
185.61669872,484.64933924,539.40090407,94.50605769,110.63859987,118.24256028,107.79573928,977.38108291,1112.48638903,1178.44718354,1280.48874797
186.61669872,484.51753281,539.17319294,94.56985597,110.65260654,118.22864881,107.8170371,978.01498715,1112.77358316,1178.56988073,1280.34743184
187.61669872,484.38487913,538.94401173,94.63377635,110.66658564,118.21464149,107.83833449,978.65104642,1113.06122369,1178.69210836,1280.20439656
188.61669872,484.25137595,538.71335561,94.69781758,110.68053634,118.20053799,107.85963064,979.28925692,1113.34930505,1178.81386036,1280.05963453
189.61669872,484.11702099,538.48121974,94.7619784,110.69445783,118.18633793,107.88092472,979.92961492,1113.63782173,1178.9351307,1279.91313814
190.61669872,483.98181196,538.24759921,94.82625755,110.70834926,118.17204096,107.90221592,980.57211679,1113.92676822,1179.05591337,1279.7648998
191.61669872,483.84574656,538.01248908,94.89065377,110.72220982,118.15764671,107.92350344,981.21675894,1114.2161391,1179.17620242,1279.61491193
192.61669872,483.70882247,537.77588433,94.95516584,110.73603868,118.14315483,107.94478645,981.86353788,1114.50592897,1179.29599194,1279.46316696
193.61669872,483.57103735,537.53777993,95.01979248,110.74983499,118.12856492,107.96606413,982.51245017,1114.79613246,1179.41527602,1279.30965731
194.61669872,483.43238886,537.29817077,95.08453248,110.76359792,118.11387664,107.98733568,983.16349244,1115.08674425,1179.53404884,1279.15437544
195.61669872,483.29287462,537.05705172,95.14938459,110.77732665,118.0990896,108.00860028,983.81666141,1115.37775907,1179.65230458,1278.99731379
196.61669872,483.15249226,536.81441757,95.21434756,110.79102032,118.08420342,108.0298571,984.47195383,1115.66917167,1179.77003746,1278.83846483
197.61669872,483.01123938,536.57026309,95.27942019,110.80467811,118.06921774,108.05110534,985.12936656,1115.96097684,1179.88724174,1278.67782102
198.61669872,482.86911357,536.32458297,95.34460122,110.81829916,118.05413215,108.07234418,985.78889647,1116.25316942,1180.00391172,1278.51537483
199.61669872,482.72611238,536.07737187,95.40988945,110.83188264,118.03894628,108.09357279,986.45054054,1116.54574426,1180.12004172,1278.35111876
200.61669872,482.58223339,535.8286244,95.47528364,110.8454277,118.02365974,108.11479036,987.11429579,1116.83869627,1180.2356261,1278.18504527
201.61669872,482.43747412,535.5783351,95.54078258,110.85893349,118.00827215,108.13599607,987.7801593,1117.13202038,1180.35065924,1278.01714688
202.61669872,482.2918321,535.32649847,95.60638504,110.87239915,117.99278309,108.1571891,988.44812821,1117.42571155,1180.46513557,1277.84741609
203.61669872,482.14530483,535.07310895,95.67208982,110.88582385,117.97719219,108.17836862,989.11819971,1117.7197648,1180.57904952,1277.67584539
204.61669872,481.9978898,534.81816096,95.7378957,110.89920672,117.96149904,108.19953382,989.79037106,1118.01417513,1180.69239558,1277.5024273
205.61669872,481.84958447,534.56164881,95.80380147,110.91254691,117.94570323,108.22068387,990.46463956,1118.30893763,1180.80516825,1277.32715435
206.61669872,481.70038631,534.30356681,95.86980592,110.92584356,117.92980437,108.24181795,991.14100258,1118.60404738,1180.91736206,1277.15001906
207.61669872,481.55029275,534.04390918,95.93590785,110.9390958,117.91380204,108.26293523,991.81945753,1118.8994995,1181.02897156,1276.97101395
208.61669872,481.39930121,533.7826701,96.00210606,110.95230278,117.89769584,108.28403489,992.50000186,1119.19528914,1181.13999135,1276.79013156
209.61669872,481.24740909,533.51984369,96.06839935,110.96546362,117.88148535,108.3051161,993.18263309,1119.49141147,1181.25041603,1276.60736444
210.61669872,481.09461377,533.25542403,96.13478651,110.97857746,117.86517015,108.32617804,993.86734879,1119.78786171,1181.36024022,1276.42270513
211.61669872,480.94091263,532.98940513,96.20126636,110.99164342,117.84874982,108.34721987,994.55414655,1120.08463508,1181.46945859,1276.23614617
212.61669872,480.78630302,532.72178094,96.2678377,111.00466064,117.83222394,108.36824076,995.24302403,1120.38172684,1181.57806582,1276.04768012
213.61669872,480.63078226,532.45254536,96.33449933,111.01762823,117.81559209,108.38923988,995.93397893,1120.67913227,1181.68605659,1275.85729953
214.61669872,480.47434766,532.18169224,96.40125006,111.03054532,117.79885384,108.41021641,996.62700898,1120.97684668,1181.79342565,1275.66499697
215.61669872,480.31699654,531.90921536,96.46808872,111.04341102,117.78200875,108.4311695,997.32211197,1121.27486539,1181.90016771,1275.470765
216.61669872,480.15872616,531.63510844,96.53501411,111.05622445,117.76505639,108.45209832,998.01928572,1121.57318376,1182.00627756,1275.27459619
217.61669872,479.99953378,531.35936516,96.60202505,111.06898472,117.74799632,108.47300203,998.71852809,1121.87179716,1182.11174996,1275.0764831
218.61669872,479.83941664,531.08197912,96.66912035,111.08169094,117.73082809,108.49387979,999.41983698,1122.17070099,1182.21657971,1274.87641831
219.61669872,479.67837197,530.80294388,96.73629883,111.09434222,117.71355128,108.51473078,1000.12321032,1122.46989065,1182.32076163,1274.67439439
220.61669872,479.51639698,530.52225291,96.80355932,111.10693765,117.69616542,108.53555413,1000.8286461,1122.76936159,1182.42429055,1274.47040393
221.61669872,479.35348884,530.23989967,96.87090064,111.11947634,117.67867007,108.55634902,1001.53614231,1123.06910926,1182.52716133,1274.26443949
222.61669872,479.18964472,529.9558775,96.93832161,111.13195739,117.66106477,108.57711459,1002.24569699,1123.36912914,1182.62936881,1274.05649367
223.61669872,479.02486177,529.67017971,97.00582105,111.14437989,117.64334907,108.59785,1002.95730822,1123.6694167,1182.73090789,1273.84655904
224.61669872,478.85913712,529.38279957,97.07339779,111.15674293,117.62552251,108.61855441,1003.67097411,1123.96996747,1182.83177344,1273.63462819
225.61669872,478.69246787,529.09373023,97.14105066,111.1690456,117.60758461,108.63922696,1004.38669277,1124.27077695,1182.93196039,1273.4206937
226.61669872,478.52485112,528.80296483,97.2087785,111.18128698,117.58953492,108.6598668,1005.10446238,1124.5718407,1183.03146363,1273.20474817
227.61669872,478.35628393,528.51049642,97.27658012,111.19346615,117.57137297,108.68047308,1005.82428112,1124.87315427,1183.13027811,1272.98678417
228.61669872,478.18676336,528.21631798,97.34445435,111.20558219,117.55309827,108.70104494,1006.54614722,1125.17471322,1183.22839876,1272.7667943
229.61669872,478.01628642,527.92042246,97.41240005,111.21763417,117.53471036,108.72158153,1007.27005889,1125.47651314,1183.32582053,1272.54477113
230.61669872,477.84485014,527.6228027,97.48041602,111.22962117,117.51620875,108.74208198,1007.99601442,1125.77854961,1183.42253839,1272.32070727
231.61669872,477.6724515,527.32345151,97.54850112,111.24154225,117.49759296,108.76254544,1008.72401209,1126.08081826,1183.51854729,1272.09459529
232.61669872,477.49908747,527.02236162,97.61665418,111.25339648,117.4788625,108.78297105,1009.4540502,1126.38331468,1183.61384221,1271.86642779
233.61669872,477.32475499,526.71952568,97.68487403,111.2651829,117.46001688,108.80335794,1010.18612708,1126.68603452,1183.70841814,1271.63619735
234.61669872,477.149451,526.4149363,97.7531595,111.27690059,117.44105561,108.82370523,1010.92024109,1126.98897341,1183.80227008,1271.40389655
235.61669872,476.97317239,526.108586,97.82150945,111.28854858,117.42197818,108.84401207,1011.65639058,1127.292127,1183.895393,1271.16951798
236.61669872,476.79591606,525.80046724,97.8899227,111.30012593,117.40278411,108.86427758,1012.39457393,1127.59549095,1183.98778192,1270.93305422
237.61669872,476.61767887,525.49057241,97.9583981,111.31163169,117.38347287,108.88450089,1013.13478956,1127.89906091,1184.07943185,1270.69449785
238.61669872,476.43845766,525.17889383,98.02693449,111.32306489,117.36404397,108.90468112,1013.87703586,1128.20283256,1184.17033778,1270.45384146
239.61669872,476.25824925,524.86542375,98.0955307,111.33442457,117.34449689,108.92481739,1014.62131127,1128.50680159,1184.26049474,1270.21107761
240.61669872,476.07705044,524.55015435,98.16418559,111.34570976,117.32483111,108.94490882,1015.36761423,1128.81096366,1184.34989774,1269.96619888
241.61669872,475.89485801,524.23307773,98.23289799,111.35691948,117.30504612,108.96495453,1016.11594317,1129.11531448,1184.4385418,1269.71919784
242.61669872,475.71166871,523.91418594,98.30166674,111.36805278,117.28514139,108.98495364,1016.86629658,1129.41984973,1184.52642194,1269.47006707
243.61669872,475.52747927,523.59347093,98.37049069,111.37910865,117.2651164,109.00490525,1017.61867291,1129.72456512,1184.61353317,1269.21879913
244.61669872,475.34228641,523.27092459,98.43936868,111.39008612,117.24497061,109.02480847,1018.37307064,1130.02945634,1184.69987051,1268.96538658
245.61669872,475.15608681,522.94653874,98.50829955,111.4009842,117.22470349,109.04466242,1019.12948825,1130.3345191,1184.78542899,1268.70982197
246.61669872,474.96887714,522.62030512,98.57728216,111.4118019,117.20431451,109.06446619,1019.88792425,1130.63974911,1184.87020361,1268.45209788
247.61669872,474.78065403,522.29221539,98.64631533,111.42253822,117.18380311,109.08421889,1020.64837711,1130.94514207,1184.9541894,1268.19220684
248.61669872,474.59141411,521.96226114,98.71539793,111.43319215,117.16316876,109.10391961,1021.41084534,1131.25069368,1185.03738136,1267.9301414
249.61669872,474.40115397,521.63043389,98.78452879,111.44376269,117.14241089,109.12356746,1022.17532744,1131.55639966,1185.11977449,1267.66589411
250.61669872,474.20987018,521.29672506,98.85370675,111.45424883,117.12152897,109.14316152,1022.94182192,1131.86225571,1185.20136381,1267.39945749
251.61669872,474.0175593,520.96112601,98.92293067,111.46464955,117.10052243,109.16270088,1023.71032727,1132.16825754,1185.28214431,1267.1308241
252.61669872,473.82421783,520.62362803,98.99219938,111.47496384,117.07939071,109.18218464,1024.48084199,1132.47440084,1185.36211098,1266.85998644
253.61669872,473.62984228,520.2842223,99.06151174,111.48519065,117.05813324,109.20161188,1025.25336459,1132.78068133,1185.44125881,1266.58693705
254.61669872,473.43442914,519.94289995,99.13086658,111.49532898,117.03674946,109.22098167,1026.02789357,1133.08709469,1185.51958277,1266.31166843
255.61669872,473.23797483,519.59965202,99.20026275,111.50537777,117.01523879,109.2402931,1026.80442741,1133.39363662,1185.59707783,1266.0341731
256.61669872,473.0404758,519.25446946,99.26969911,111.51533599,116.99360064,109.25954525,1027.58296461,1133.70030281,1185.67373896,1265.75444357
257.61669872,472.84192844,518.90734313,99.33917448,111.5252026,116.97183445,109.27873718,1028.36350364,1134.00708893,1185.74956112,1265.47247231
258.61669872,472.64232913,518.55826384,99.40868772,111.53497654,116.94993962,109.29786796,1029.14604298,1134.31399067,1185.82453923,1265.18825184
259.61669872,472.44167421,518.20722229,99.47823766,111.54465676,116.92791556,109.31693666,1029.93058111,1134.6210037,1185.89866824,1264.90177462
260.61669872,472.23996001,517.85420909,99.54782316,111.5542422,116.90576167,109.33594235,1030.71711646,1134.92812367,1185.97194306,1264.61303313
261.61669872,472.03718282,517.49921479,99.61744306,111.56373179,116.88347737,109.35488407,1031.50564751,1135.23534624,1186.04435861,1264.32201984
262.61669872,471.83333893,517.14222983,99.68709619,111.57312446,116.86106204,109.3737609,1032.29617266,1135.54266706,1186.11590979,1264.02872721
263.61669872,471.62842457,516.78324457,99.75678141,111.58241914,116.83851507,109.39257187,1033.08869037,1135.85008177,1186.18659147,1263.73314769
264.61669872,471.42243596,516.4222493,99.82649755,111.59161474,116.81583586,109.41131605,1033.88319902,1136.15758598,1186.25639852,1263.43527372
265.61669872,471.21536929,516.05923419,99.89624346,111.60071017,116.79302378,109.42999247,1034.67969702,1136.46517532,1186.3253258,1263.13509774
266.61669872,471.00722073,515.69418934,99.96601797,111.60970434,116.77007822,109.44860018,1035.47818275,1136.77284539,1186.39336816,1262.83261216
267.61669872,470.79798642,515.32710476,100.03581993,111.61859615,116.74699855,109.46713821,1036.27865457,1137.08059178,1186.46052041,1262.5278094
268.61669872,470.58766246,514.95797036,100.10564818,111.6273845,116.72378414,109.48560561,1037.08111083,1137.38841007,1186.52677735,1262.22068187
269.61669872,470.37624494,514.58677597,100.17550155,111.63606828,116.70043436,109.5040014,1037.88554985,1137.69629583,1186.59213379,1261.91122196
270.61669872,470.16372991,514.21351131,100.24537889,111.64464637,116.67694856,109.52232461,1038.69196994,1138.00424462,1186.65658449,1261.59942206
271.61669872,469.95011339,513.83816602,100.31527903,111.65311765,116.6533261,109.54057426,1039.5003694,1138.31225196,1186.72012421,1261.28527454
272.61669872,469.73539139,513.46072965,100.38520081,111.66148099,116.62956634,109.55874938,1040.31074647,1138.62031338,1186.78274767,1260.96877176
273.61669872,469.51955987,513.08119163,100.45514306,111.66973525,116.60566862,109.57684898,1041.12309942,1138.92842439,1186.8444496,1260.64990607
274.61669872,469.30261476,512.69954132,100.52510463,111.6778793,116.58163228,109.59487207,1041.93742645,1139.23658048,1186.90522468,1260.32866982
275.61669872,469.08455199,512.31576796,100.59508434,111.68591199,116.55745665,109.61281766,1042.75372576,1139.54477713,1186.96506759,1260.00505533
276.61669872,468.86536742,511.92986072,100.66508102,111.69383217,116.53314108,109.63068476,1043.57199552,1139.85300978,1187.02397297,1259.67905492
277.61669872,468.64505691,511.54180865,100.73509352,111.70163868,116.50868488,109.64847236,1044.39223387,1140.16127387,1187.08193545,1259.35066089
278.61669872,468.42361628,511.15160069,100.80512065,111.70933034,116.48408739,109.66617946,1045.21443893,1140.46956483,1187.13894964,1259.01986553
279.61669872,468.20104132,510.75922571,100.87516126,111.716906,116.45934792,109.68380506,1046.03860878,1140.77787804,1187.19501011,1258.68666113
280.61669872,467.97732778,510.36467245,100.94521417,111.72436446,116.43446577,109.70134814,1046.86474147,1141.0862089,1187.25011141,1258.35103993
281.61669872,467.75247139,509.96792957,101.01527821,111.73170456,116.40944027,109.71880768,1047.69283504,1141.39455274,1187.30424808,1258.0129942
282.61669872,467.52646786,509.56898559,101.0853522,111.73892508,116.3842707,109.73618266,1048.52288747,1141.70290491,1187.35741462,1257.67251617
283.61669872,467.29931283,509.16782897,101.15543498,111.74602485,116.35895638,109.75347207,1049.35489672,1142.01126072,1187.4096055,1257.32959805
284.61669872,467.07100196,508.76444803,101.22552536,111.75300264,116.33349658,109.77067486,1050.18886072,1142.31961545,1187.46081516,1256.98423207
285.61669872,466.84153082,508.35883099,101.29562216,111.75985725,116.3078906,109.78779,1051.02477736,1142.62796438,1187.51103803,1256.6364104
286.61669872,466.610895,507.95096598,101.36572422,111.76658745,116.28213772,109.80481646,1051.86264451,1142.93630273,1187.56026849,1256.28612522
287.61669872,466.37909003,507.54084099,101.43583035,111.77319203,116.25623722,109.8217532,1052.70245996,1143.24462573,1187.60850091,1255.93336869
288.61669872,466.14611141,507.12844393,101.50593936,111.77966975,116.23018836,109.83859916,1053.54422152,1143.55292857,1187.65572962,1255.57813296
289.61669872,465.9119546,506.71376258,101.57605008,111.78601936,116.20399041,109.85535328,1054.38792691,1143.8612064,1187.7019489,1255.22041015
290.61669872,465.67661505,506.29678461,101.64616133,111.79223961,116.17764264,109.87201453,1055.23357385,1144.16945436,1187.74715303,1254.86019237
291.61669872,465.44008815,505.87749757,101.71627191,111.79832926,116.15114429,109.88858182,1056.08115999,1144.47766755,1187.79133624,1254.4974717
292.61669872,465.20236926,505.45588891,101.78638064,111.80428704,116.12449462,109.9050541,1056.93068296,1144.78584107,1187.83449273,1254.13224024
293.61669872,464.96345372,505.03194595,101.85648633,111.81011167,116.09769287,109.92143029,1057.78214033,1145.09396995,1187.87661666,1253.76449002
294.61669872,464.72333683,504.6056559,101.92658779,111.81580188,116.07073828,109.93770932,1058.63552963,1145.40204921,1187.91770217,1253.39421309
295.61669872,464.48201384,504.17700586,101.99668383,111.82135639,116.04363008,109.9538901,1059.49084835,1145.71007385,1187.95774335,1253.02140146
296.61669872,464.23947997,503.74598278,102.06677326,111.82677389,116.0163675,109.96997155,1060.34809394,1146.01803881,1187.99673425,1252.64604714
297.61669872,463.99573042,503.31257352,102.13685487,111.83205308,115.98894975,109.98595257,1061.20726379,1146.32593903,1188.0346689,1252.26814209
298.61669872,463.75076034,502.87676481,102.20692747,111.83719266,115.96137606,110.00183206,1062.06835525,1146.6337694,1188.07154129,1251.88767829
299.61669872,463.50456483,502.43854324,102.27698987,111.84219131,115.93364563,110.01760894,1062.93136562,1146.94152477,1188.10734535,1251.50464765
300.61669872,463.25713899,501.9978953,102.34704086,111.8470477,115.90575766,110.03328207,1063.79629215,1147.24919997,1188.142075,1251.11904211
301.61669872,463.00847783,501.55480733,102.41707923,111.85176049,115.87771136,110.04885036,1064.66313203,1147.55678978,1188.17572409,1250.73085355
302.61669872,462.75857638,501.10926556,102.48710379,111.85632834,115.84950591,110.06431268,1065.53188242,1147.86428897,1188.20828646,1250.34007384
303.61669872,462.50742958,500.66125608,102.55711332,111.8607499,115.8211405,110.07966791,1066.4025404,1148.17169224,1188.23975588,1249.94669484
304.61669872,462.25503237,500.21076486,102.62710662,111.86502381,115.79261431,110.09491491,1067.27510302,1148.47899429,1188.27012609,1249.55070837
305.61669872,462.00137963,499.75777773,102.69708248,111.86914869,115.76392651,110.11005256,1068.14956727,1148.78618974,1188.2993908,1249.15210623
306.61669872,461.7464662,499.30228038,102.76703968,111.87312318,115.73507627,110.12507971,1069.02593006,1149.09327321,1188.32754365,1248.7508802
307.61669872,461.49028688,498.84425838,102.836977,111.87694588,115.70606274,110.13999521,1069.90418829,1149.40023926,1188.35457825,1248.34702203
308.61669872,461.23283644,498.38369717,102.90689324,111.8806154,115.67688509,110.15479791,1070.78433875,1149.70708241,1188.38048817,1247.94052346
309.61669872,460.97410961,497.92058203,102.97678716,111.88413033,115.64754245,110.16948665,1071.66637821,1150.01379714,1188.40526693,1247.53137618
310.61669872,460.71410106,497.4548981,103.04665755,111.88748926,115.61803398,110.18406026,1072.55030336,1150.32037791,1188.42890799,1247.11957188
311.61669872,460.45280544,496.98663042,103.11650319,111.89069077,115.58835879,110.19851758,1073.43611084,1150.6268191,1188.45140477,1246.70510219
312.61669872,460.19021734,496.51576384,103.18632284,111.89373341,115.55851603,110.21285743,1074.32379722,1150.93311508,1188.47275064,1246.28795876
313.61669872,459.92633132,496.04228309,103.25611529,111.89661576,115.52850482,110.22707862,1075.21335901,1151.23926015,1188.49293894,1245.86813317
314.61669872,459.66114189,495.56617275,103.32587929,111.89933635,115.49832426,110.24117996,1076.10479265,1151.54524859,1188.51196292,1245.44561699
315.61669872,459.39464351,495.08741725,103.39561361,111.90189372,115.46797346,110.25516026,1076.99809454,1151.85107462,1188.52981582,1245.02040176
316.61669872,459.12683061,494.60600089,103.46531701,111.90428641,115.43745153,110.26901832,1077.89326098,1152.15673241,1188.54649081,1244.59247898
317.61669872,458.85769758,494.12190779,103.53498827,111.90651293,115.40675756,110.28275292,1078.79028822,1152.46221609,1188.56198099,1244.16184015
318.61669872,458.58723874,493.63512195,103.60462613,111.90857178,115.37589063,110.29636285,1079.68917244,1152.76751975,1188.57627943,1243.7284767
319.61669872,458.31544838,493.14562718,103.67422935,111.91046147,115.34484983,110.30984689,1080.58990975,1153.07263742,1188.58937914,1243.29238006
320.61669872,458.04232075,492.65340717,103.74379669,111.91218049,115.31363423,110.3232038,1081.4924962,1153.37756308,1188.60127307,1242.85354161
321.61669872,457.76785004,492.15844543,103.81332689,111.9137273,115.28224289,110.33643236,1082.39692776,1153.68229067,1188.61195412,1242.41195271
322.61669872,457.4920304,491.66072533,103.88281871,111.91510038,115.25067487,110.34953132,1083.30320031,1153.98681406,1188.62141513,1241.96760467
323.61669872,457.21485594,491.16023005,103.95227089,111.91629818,115.21892922,110.36249943,1084.21130969,1154.2911271,1188.62964888,1241.52048879
324.61669872,456.9363207,490.65694265,104.02168216,111.91731915,115.18700499,110.37533543,1085.12125165,1154.59522355,1188.63664808,1241.07059632
325.61669872,456.6564187,490.15084599,104.09105128,111.91816171,115.1549012,110.38803807,1086.03302185,1154.89909714,1188.64240541,1240.61791848
326.61669872,456.37514388,489.64192277,104.16037697,111.9188243,115.1226169,110.40060606,1086.94661591,1155.20274155,1188.64691345,1240.16244644
327.61669872,456.09249015,489.13015554,104.22965798,111.91930532,115.09015109,110.41303813,1087.86202933,1155.50615038,1188.65016476,1239.70417137
328.61669872,455.80845137,488.61552667,104.29889302,111.91960317,115.0575028,110.425333,1088.77925756,1155.8093172,1188.6521518,1239.24308436
329.61669872,455.52302135,488.09801834,104.36808083,111.91971625,115.02467102,110.43748937,1089.69829596,1156.1122355,1188.65286699,1238.77917649
330.61669872,455.23619383,487.57761258,104.43722014,111.91964292,114.99165476,110.44950594,1090.61913981,1156.41489873,1188.65230268,1238.3124388
331.61669872,454.94796252,487.05429124,104.50630966,111.91938156,114.958453,110.46138141,1091.54178432,1156.71730028,1188.65045115,1237.84286228
332.61669872,454.65832107,486.52803599,104.57534811,111.91893051,114.92506473,110.47311445,1092.46622459,1157.01943348,1188.64730462,1237.37043788
333.61669872,454.36726307,485.99882831,104.64433421,111.91828812,114.89148891,110.48470375,1093.39245567,1157.32129158,1188.64285523,1236.89515652
334.61669872,454.07478206,485.46664951,104.71326667,111.91745271,114.85772451,110.49614797,1094.32047249,1157.62286778,1188.63709506,1236.41700907
335.61669872,453.78087154,484.9314807,104.7821442,111.91642261,114.82377049,110.50744577,1095.25026992,1157.92415524,1188.63001613,1235.93598636
336.61669872,453.48552492,484.39330282,104.8509655,111.91519611,114.7896258,110.5185958,1096.18184273,1158.22514703,1188.62161037,1235.45207919
337.61669872,453.1887356,483.85209662,104.91972928,111.91377151,114.75528938,110.52959672,1097.11518561,1158.52583616,1188.61186966,1234.96527829
338.61669872,452.89049689,483.30784264,104.98843423,111.91214708,114.72076015,110.54044715,1098.05029315,1158.82621557,1188.60078578,1234.47557437
339.61669872,452.59080205,482.76052126,105.05707904,111.91032109,114.68603704,110.55114573,1098.98715985,1159.12627816,1188.58835046,1233.98295808
340.61669872,452.28964429,482.21011261,105.12566242,111.90829179,114.65111897,110.56169106,1099.92578013,1159.42601673,1188.57455535,1233.48742003
341.61669872,451.98701675,481.65659668,105.19418305,111.90605742,114.61600483,110.57208177,1100.86614832,1159.72542404,1188.55939202,1232.98895078
342.61669872,451.68291253,481.09995323,105.26263961,111.90361621,114.58069353,110.58231645,1101.80825862,1160.02449275,1188.54285196,1232.48754084
343.61669872,451.37732465,480.54016181,105.33103079,111.90096636,114.54518395,110.5923937,1102.75210518,1160.32321547,1188.5249266,1231.98318068
344.61669872,451.07024607,479.97720177,105.39935525,111.89810608,114.50947498,110.6023121,1103.69768202,1160.62158475,1188.50560725,1231.47586071
345.61669872,450.76166971,479.41105227,105.46761168,111.89503354,114.47356547,110.61207023,1104.64498308,1160.91959303,1188.4848852,1230.96557129
346.61669872,450.45158841,478.84169223,105.53579875,111.89174693,114.43745428,110.62166665,1105.59400221,1161.21723272,1188.4627516,1230.45230274
347.61669872,450.13999495,478.26910037,105.60391511,111.88824438,114.40114028,110.63109992,1106.54473312,1161.51449613,1188.43919756,1229.93604531
348.61669872,449.82688205,477.6932552,105.67195944,111.88452404,114.36462229,110.64036859,1107.49716946,1161.81137549,1188.41421408,1229.41678922
349.61669872,449.51224235,477.114135,105.73993039,111.88058405,114.32789916,110.6494712,1108.45130477,1162.10786297,1188.38779209,1228.8945246
350.61669872,449.19606846,476.53171782,105.80782661,111.8764225,114.29096969,110.65840627,1109.40713246,1162.40395065,1188.35992242,1228.36924155
351.61669872,448.87835289,475.9459815,105.87564676,111.87203749,114.25383271,110.66717232,1110.36464587,1162.69963054,1188.33059584,1227.84093012
352.61669872,448.5590881,475.35690365,105.94338948,111.86742711,114.21648701,110.67576787,1111.32383821,1162.99489457,1188.29980299,1227.30958027
353.61669872,448.23826648,474.76446165,106.01105342,111.86258942,114.17893138,110.68419141,1112.28470258,1163.28973457,1188.26753446,1226.77518193
354.61669872,447.91588034,474.16863263,106.0786372,111.85752246,114.14116462,110.69244143,1113.247232,1163.58414232,1188.23378072,1226.23772496
355.61669872,447.59192194,473.5693935,106.14613948,111.85222427,114.10318548,110.70051641,1114.21141934,1163.87810949,1188.19853217,1225.69719916
356.61669872,447.26638347,472.96672091,106.21355886,111.84669287,114.06499272,110.70841482,1115.1772574,1164.17162767,1188.16177909,1225.15359426
357.61669872,446.93925702,472.3605913,106.28089399,111.84092626,114.02658511,110.71613512,1116.14473883,1164.46468837,1188.1235117,1224.60689993
358.61669872,446.61053463,471.75098084,106.34814348,111.83492242,113.98796137,110.72367576,1117.1138562,1164.75728302,1188.0837201,1224.05710578
359.61669872,446.28020828,471.13786544,106.41530595,111.82867932,113.94912024,110.73103517,1118.08460193,1165.04940294,1188.04239428,1223.50420136
360.61669872,445.94826985,470.52122077,106.48238001,111.8221949,113.91006044,110.73821178,1119.05696834,1165.34103937,1187.99952417,1222.94817613
361.61669872,445.61471116,469.90102226,106.54936427,111.81546711,113.87078066,110.74520401,1120.03094765,1165.63218348,1187.95509956,1222.38901949
362.61669872,445.27952395,469.27724504,106.61625733,111.80849385,113.83127962,110.75201026,1121.00653193,1165.92282631,1187.90911017,1221.82672079
363.61669872,444.94269989,468.649864,106.68305779,111.80127302,113.79155598,110.75862893,1121.98371315,1166.21295883,1187.86154558,1221.26126928
364.61669872,444.60423056,468.01885378,106.74976424,111.79380251,113.75160843,110.76505839,1122.96248314,1166.50257191,1187.81239531,1220.69265416
365.61669872,444.26410746,467.3841887,106.81637528,111.78608017,113.71143563,110.77129703,1123.94283363,1166.79165632,1187.76164874,1220.12086453
366.61669872,443.92232203,466.74584285,106.88288949,111.77810384,113.67103622,110.77734318,1124.9247562,1167.08020275,1187.70929515,1219.54588944
367.61669872,443.57886562,466.10379001,106.94930545,111.76987135,113.63040886,110.78319522,1125.90824233,1167.36820175,1187.65532372,1218.96771785
368.61669872,443.23372949,465.45800371,107.01562173,111.76138051,113.58955215,110.78885146,1126.89328334,1167.65564382,1187.5997235,1218.38633864
369.61669872,442.88690482,464.80845716,107.0818369,111.75262909,113.54846472,110.79431024,1127.87987045,1167.94251932,1187.54248345,1217.80174062
370.61669872,442.53838271,464.15512329,107.14794953,111.74361488,113.50714516,110.79956986,1128.86799474,1168.22881853,1187.4835924,1217.2139125
371.61669872,442.18815417,463.49797475,107.21395818,111.7343356,113.46559208,110.80462862,1129.85764715,1168.5145316,1187.42303908,1216.62284293
372.61669872,441.83621014,462.83698387,107.2798614,111.72478899,113.42380404,110.80948481,1130.84881849,1168.79964859,1187.36081208,1216.02852045
373.61669872,441.48254145,462.17212267,107.34565775,111.71497275,113.38177961,110.8141367,1131.84149944,1169.08415946,1187.29689988,1215.43093354
374.61669872,441.12713885,461.5033629,107.41134576,111.70488457,113.33951734,110.81858256,1132.83568055,1169.36805403,1187.23129085,1214.83007057
375.61669872,440.769993,460.83067596,107.47692398,111.69452211,113.29701577,110.82282062,1133.8313522,1169.65132205,1187.16397322,1214.22591982
376.61669872,440.41109448,460.15403294,107.54239094,111.68388302,113.25427343,110.82684913,1134.82850466,1169.93395311,1187.09493512,1213.61846949
377.61669872,440.05043375,459.47340462,107.60774517,111.67296491,113.21128882,110.8306663,1135.82712806,1170.21593673,1187.02416452,1213.00770769
378.61669872,439.68800121,458.78876145,107.6729852,111.66176538,113.16806046,110.83427034,1136.82721237,1170.49726228,1186.95164929,1212.39362242
379.61669872,439.32378714,458.10007355,107.73810953,111.65028201,113.12458681,110.83765945,1137.82874742,1170.77791903,1186.87737715,1211.77620158
380.61669872,438.95778174,457.40731068,107.80311669,111.63851235,113.08086636,110.8408318,1138.83172289,1171.05789612,1186.80133571,1211.15543299
381.61669872,438.58997509,456.71044228,107.86800518,111.62645394,113.03689756,110.84378556,1139.83612833,1171.33718258,1186.72351243,1210.53130435
382.61669872,438.2203572,456.00943745,107.93277349,111.61410428,112.99267885,110.84651888,1140.84195312,1171.6157673,1186.64389463,1209.90380327
383.61669872,437.84891796,455.30426493,107.99742014,111.60146086,112.94820867,110.84902989,1141.84918649,1171.89363905,1186.5624695,1209.27291723
384.61669872,437.47564716,454.59489309,108.06194359,111.58852114,112.90348543,110.85131672,1142.85781754,1172.17078649,1186.4792241,1208.63863365
385.61669872,437.1005345,453.88128995,108.12634235,111.57528254,112.85850752,110.85337747,1143.86783518,1172.44719812,1186.39414532,1208.00093978
386.61669872,436.72356955,453.16342316,108.19061488,111.56174249,112.81327334,110.85521024,1144.87922819,1172.72286234,1186.30721994,1207.35982281
387.61669872,436.3447418,452.44125999,108.25475966,111.54789837,112.76778124,110.85681309,1145.89198518,1172.99776739,1186.21843457,1206.71526978
388.61669872,435.96404061,451.71476734,108.31877515,111.53374754,112.72202959,110.85818409,1146.9060946,1173.27190138,1186.12777568,1206.06726764
389.61669872,435.58145525,450.98391171,108.38265981,111.51928733,112.67601673,110.85932129,1147.92154474,1173.54525231,1186.03522958,1205.4158032
390.61669872,435.19697486,450.24865923,108.44641209,111.50451505,112.62974097,110.8602227,1148.93832372,1173.817808,1185.94078244,1204.76086315
391.61669872,434.81058849,449.5089756,108.51003044,111.48942798,112.58320063,110.86088635,1149.9564195,1174.08955615,1185.84442027,1204.10243407
392.61669872,434.42228505,448.76482613,108.57351331,111.47402338,112.53639399,110.86131023,1150.97581987,1174.36048432,1185.74612891,1203.4405024
393.61669872,434.03205336,448.01617574,108.63685911,111.45829847,112.48931933,110.86149231,1151.99651246,1174.63057991,1185.64589405,1202.77505447
394.61669872,433.63988209,447.26298889,108.70006629,111.44225045,112.44197491,110.86143055,1153.0184847,1174.89983018,1185.54370123,1202.10607645
395.61669872,433.24575982,446.50522965,108.76313326,111.4258765,112.39435897,110.86112291,1154.04172388,1175.16822223,1185.4395358,1201.4335544
396.61669872,432.849675,445.74286165,108.82605843,111.40917374,112.34646973,110.8605673,1155.06621709,1175.43574303,1185.33338295,1200.75747423
397.61669872,432.45161595,444.97584806,108.88884022,111.3921393,112.2983054,110.85976164,1156.09195124,1175.70237937,1185.22522771,1200.07782171
398.61669872,432.05157086,444.20415162,108.95147702,111.37477026,112.24986417,110.85870381,1157.11891309,1175.96811789,1185.11505492,1199.39458247
399.61669872,431.64952781,443.42773463,109.01396722,111.35706365,112.20114421,110.85739169,1158.14708917,1176.23294507,1185.00284927,1198.70774199
400.61669872,431.24547474,442.64655891,109.07630922,111.33901652,112.15214366,110.85582313,1159.17646587,1176.49684723,1184.88859523,1198.01728562
401.61669872,430.83939947,441.8605858,109.13850138,111.32062584,112.10286068,110.85399597,1160.20702936,1176.75981051,1184.77227712,1197.32319852
402.61669872,430.43128966,441.0697762,109.20054209,111.30188857,112.05329337,110.85190801,1161.23876565,1177.02182091,1184.65387908,1196.62546574
403.61669872,430.02113286,440.27409049,109.2624297,111.28280163,112.00343983,110.84955705,1162.27166053,1177.28286422,1184.53338503,1195.92407212
404.61669872,429.60891648,439.47348857,109.32416257,111.26336192,111.95329814,110.84694088,1163.30569961,1177.54292608,1184.41077873,1195.21900239
405.61669872,429.19462777,438.66792984,109.38573906,111.24356629,111.90286635,110.84405724,1164.3408683,1177.80199196,1184.28604373,1194.51024107
406.61669872,428.77825388,437.85737318,109.44715751,111.22341157,111.85214251,110.84090386,1165.37715183,1178.06004714,1184.15916339,1193.79777255
407.61669872,428.35978176,437.04177696,109.50841624,111.20289454,111.80112464,110.83747847,1166.41453519,1178.31707671,1184.03012086,1193.08158101
408.61669872,427.93919826,436.22109902,109.56951359,111.18201196,111.74981074,110.83377876,1167.4530032,1178.57306558,1183.89889909,1192.36165048
409.61669872,427.51649007,435.39529665,109.63044787,111.16076054,111.69819877,110.8298024,1168.49254046,1178.82799847,1183.76548084,1191.63796479
410.61669872,427.0916437,434.56432661,109.6912174,111.13913696,111.64628671,110.82554702,1169.53313136,1179.08185991,1183.62984863,1190.91050761
411.61669872,426.66464555,433.72814508,109.75182048,111.11713787,111.59407248,110.82101028,1170.57476009,1179.33463425,1183.49198479,1190.1792624
412.61669872,426.23548183,432.88670769,109.8122554,111.09475986,111.54155401,110.81618976,1171.61741061,1179.5863056,1183.35187143,1189.44421244
413.61669872,425.8041386,432.0399695,109.87252045,111.07199951,111.48872918,110.81108305,1172.66106667,1179.83685791,1183.20949041,1188.7053408
414.61669872,425.37060178,431.18788494,109.9326139,111.04885334,111.43559586,110.8056877,1173.7057118,1180.0862749,1183.0648234,1187.96263036
415.61669872,424.9348571,430.33040789,109.99253403,111.02531784,111.3821519,110.80000126,1174.75132932,1180.33454008,1182.91785183,1187.2160638
416.61669872,424.49689012,429.4674916,110.0522791,111.00138944,111.32839514,110.79402123,1175.79790229,1180.58163678,1182.76855689,1186.46562357
417.61669872,424.05668626,428.59908867,110.11184736,110.97706456,111.27432336,110.78774509,1176.84541358,1180.82754806,1182.61691953,1185.71129192
418.61669872,423.61423073,427.72515111,110.17123705,110.95233955,111.21993434,110.78117031,1177.89384581,1181.0722568,1182.46292047,1184.95305088
419.61669872,423.1695086,426.84563027,110.23044641,110.92721072,111.16522585,110.77429433,1178.94318137,1181.31574565,1182.30654019,1184.19088225
420.61669872,422.72250473,425.96047682,110.28947367,110.90167436,111.1101956,110.76711454,1179.9934024,1181.55799701,1182.14775889,1183.42476761
421.61669872,422.27320383,425.06964079,110.34831703,110.87572669,111.05484131,110.75962834,1181.04449082,1181.79899306,1181.98655655,1182.65468828
422.61669872,421.82159039,424.1730715,110.4069747,110.8493639,110.99916065,110.75183308,1182.09642829,1182.03871577,1181.82291286,1181.88062539
423.61669872,421.36764873,423.2707176,110.46544489,110.8225821,110.94315128,110.74372609,1183.14919623,1182.27714682,1181.65680728,1181.10255976
