mpi,mK,meta,fphi,mN,mL,mS,mX
134.9443760715732, 490.3927973471554, 549.2423899156784, 106.73693198498853, 948.231516499438,1098.768548799289,1171.9171129598055,1285.775379840311
135.9443760715732, 490.54710341467654, 549.3377749583428, 106.76129505382225, 948.8174615866703,1099.231751038649,1172.3407506229323,1286.0961282327908
136.9443760715732, 490.70256279755046, 549.4339904853036, 106.78572687692855, 949.4064671952767,1099.6974810486163,1172.7666461623298,1286.4187370785166
137.9443760715732, 490.8591754622257, 549.5310384916521, 106.81022655238183, 949.9985243207677,1100.1657324930216,1173.194793597676,1286.743202890937
138.9443760715732, 491.0169413672361, 549.6289209685128, 106.83479318268144, 950.5936240915102,1100.6364991123821,1173.6251870250653,1287.069522203867
139.9443760715732, 491.175860463143, 549.7276399028635, 106.85942587467743, 951.1917577669599,1101.1097747226754,1174.0578206157616,1287.3976915707876
140.9443760715732, 491.3359326924784, 549.8271972773557, 106.88412373949838, 951.7929167358983,1101.5855532141136,1174.4926886149528,1287.727707564154
141.9443760715732, 491.49715798968776, 549.9275950701357, 106.90888589248073, 952.3970925146782,1102.063828549932,1174.92978534052,1288.059566774709
142.9443760715732, 491.65953628107394, 550.0288352546668, 106.93371145309993, 953.0042767454746,1102.5445947651808,1175.3691051818091,1288.393265810814
143.9443760715732, 491.8230674847417, 550.1309197995516, 106.9585995449036, 953.614461194543,1103.0278459655274,1175.8106425984129,1288.728801297777
144.9443760715732, 491.9877515105425, 550.2338506683554, 106.983549295446, 954.2276377504855,1103.5135763260653,1176.2543921189613,1289.0661698771999
145.9443760715732, 492.1535882600204, 550.3376298194295, 107.00855983622442, 954.8437984225209,1104.0017800901282,1176.7003483399162,1289.405368206325
146.9443760715732, 492.3205776263578, 550.4422592057358, 107.03363030261691, 955.4629353387672,1104.4924515681191,1177.1485059243782,1289.746392957397
147.9443760715732, 492.4887194943222, 550.5477407746723, 107.05875983382191, 956.0850407445255,1104.985585136336,1177.5988596008979,1290.089240817028
148.9443760715732, 492.6580137402139, 550.6540764678982, 107.08394757279893, 956.7101070005749,1105.4811752358155,1178.0514041622946,1290.4339084855715
149.9443760715732, 492.82846023181327, 550.7612682211602, 107.10919266621113, 957.3381265814724,1105.979216371176,1178.506134464485,1290.7803926765055
150.9443760715732, 493.00005882832954, 550.8693179641203, 107.13449426436908, 957.9690920738617,1106.4797031094722,1178.9630454253156,1291.1286901158194
151.9443760715732, 493.17280938035, 550.9782276201829, 107.159851521176, 958.6029961747901,1106.9826300790573,1179.4221320234055,1291.4787975414133
152.9443760715732, 493.3467117297888, 551.0879991063229, 107.18526359407427, 959.2398316900295,1107.4879919684481,1179.8833892969958,1291.8307117024967
153.9443760715732, 493.5217657098384, 551.1986343329152, 107.21072964399349, 959.8795915324079,1107.995783525204,1180.346812342804,1292.1844293590048
154.9443760715732, 493.6979711449188, 551.3101352035638, 107.23624883529953, 960.522268720147,1108.5059995548054,1180.812396314889,1292.5399472810084
155.9443760715732, 493.8753278506305, 551.4225036149334, 107.26182033574514, 961.1678563752092,1109.0186349195458,1181.280136423521,1292.8972622481447
156.9443760715732, 494.0538356337049, 551.5357414565784, 107.28744331642156, 961.8163477216506,1109.5336845374281,1181.7500279340593,1293.2563710490401
157.9443760715732, 494.2334942919582, 551.6498506107766, 107.31311695171136, 962.4677360839806,1110.051143381067,1182.2220661658366,1293.6172704807536
158.9443760715732, 494.414303614243, 551.7648329523606, 107.33884041924266, 963.1220148855339,1110.5710064765995,1182.6962464910507,1293.9799573482114
159.9443760715732, 494.59626338040346, 551.8806903485511, 107.36461289984426, 963.7791776468443,1111.093268902604,1183.1725643336647,1294.344428463664
160.9443760715732, 494.7793733612288, 551.9974246587904, 107.39043357750192, 964.4392179840311,1111.6179257890228,1183.65101516831,1294.7106806461338
161.9443760715732, 494.96363331840814, 552.1150377345781, 107.41630163931586, 965.1021296071926,1112.144972316095,1184.1315945192023,1295.0787107208798
162.9443760715732, 495.1490430044862, 552.2335314193049, 107.4422162754592, 965.7679063188054,1112.6744037132935,1184.6142979590588,1295.4485155188627
163.9443760715732, 495.33560216281916, 552.3529075480897, 107.4681766791374, 966.4365420121333,1113.2062152582694,1185.0991211080238,1295.8200918762145
164.9443760715732, 495.5233105275315, 552.4731679476156, 107.49418204654893, 967.108030669645,1113.7404022758074,1185.5860596326072,1296.193436633721
165.9443760715732, 495.7121678234733, 552.5943144359679, 107.52023157684671, 967.7823663614394,1114.2769601367797,1186.075109244619,1296.5685466362997
166.9443760715732, 495.90217376617755, 552.7163488224725, 107.54632447210064, 968.4595432436779,1114.8158842571147,1186.566265700119,1296.945418732491
167.9443760715732, 496.09332806181936, 552.8392729075337, 107.57245993726087, 969.1395555570273,1115.3571700967673,1187.059524798371,1297.3240497739507
168.9443760715732, 496.2856304071744, 552.9630884824754, 107.59863718012241, 969.8223976251081,1115.9008131587002,1187.5548823808026,1297.7044366149503
169.9443760715732, 496.47908048957885, 553.0877973293815, 107.62485541129018, 970.508063852955,1116.446808987866,1188.0523343299733,1298.0865761118762
170.9443760715732, 496.6736779868895, 553.2134012209357, 107.65111384414526, 971.1965487254815,1116.9951531702025,1188.5518765685476,1298.4704651227466
171.9443760715732, 496.86942256744493, 553.339901920265, 107.67741169481185, 971.8878468059572,1117.5458413316312,1189.053505058279,1298.8561005067174
172.9443760715732, 497.0663138900263, 553.4673011807829, 107.70374818212507, 972.5819527344884,1118.0988691370615,1189.5572157989916,1299.2434791236042
173.9443760715732, 497.2643516038202, 553.5956007460318, 107.73012252759975, 973.2788612265136,1118.6542322894043,1190.0630048275823,1299.632597833409
174.9443760715732, 497.4635353483811, 553.7248023495285, 107.75653395539977, 973.978567071302,1119.211926528591,1190.5708682170152,1300.023453495842
175.9443760715732, 497.66386475359405, 553.8549077146093, 107.78298169230845, 974.6810651304644,1119.7719476305979,1191.0808020753327,1300.4160429698586
176.9443760715732, 497.8653394396396, 553.985918554276, 107.80946496769944, 975.3863503364693,1120.3342914064792,1191.592802544669,1300.8103631131967
177.9443760715732, 498.0679590169576, 554.1178365710433, 107.83598301350867, 976.0944176911717,1120.8989537014063,1192.1068658002719,1301.2064107819174
178.9443760715732, 498.27172308621283, 554.2506634567864, 107.86253506420674, 976.8052622643465,1121.4659303937115,1192.622988049528,1301.6041828299517
179.9443760715732, 498.47663123826004, 554.3844008925895, 107.88912035677227, 977.5188791922344,1122.035217393941,1193.141165531,1302.0036761086512
180.9443760715732, 498.68268305411146, 554.5190505485964, 107.91573813066577, 978.2352636760929,1122.6068106439125,1193.6613945134648,1302.404887466344
181.9443760715732, 498.889878104903, 554.6546140838598, 107.94238762780442, 978.9544109807607,1123.1807061157815,1194.1836712949635,1302.8078137478951
182.9443760715732, 499.09821595186185, 554.7910931461931, 107.96906809253721, 979.6763164332244,1123.7568998111105,1194.707992201852,1303.212451794265
183.9443760715732, 499.30769614627565, 554.9284893720236, 107.99577877162112, 980.4009754212022,1124.3353877599493,1195.2343535878663,1303.6187984420835
184.9443760715732, 499.51831822945996, 555.0668043862436, 108.02251891419762, 981.1283833917284,1124.916166019917,1195.7627518331838,1304.026850523219
185.9443760715732, 499.73008173272945, 555.2060398020669, 108.04928777177003, 981.8585358497537,1125.499230675295,1196.293183343501,1304.4366048643537
186.9443760715732, 499.9429861773668, 555.3461972208818, 108.07608459818135, 982.5914283567486,1126.0845778361224,1196.8256445491122,1304.8480582865648
187.9443760715732, 500.15703107459404, 555.4872782321086, 108.10290864959286, 983.3270565293205,1126.6722036373012,1197.3601319039963,1305.2612076049074
188.9443760715732, 500.3722159255439, 555.6292844130554, 108.12975918446313, 984.0654160378373,1127.2621042377054,1197.8966418849088,1305.6760496280033
189.9443760715732, 500.58854022123205, 555.7722173287764, 108.15663546352778, 984.8065026050597,1127.854275819299,1198.435170990484,1306.092581157633
190.9443760715732, 500.8060034425298, 555.916078531931, 108.18353674977963, 985.5503120047838,1128.4487145862577,1198.975715740338,1306.5107989883295
191.9443760715732, 501.02460506013676, 556.0608695626432, 108.21046230844972, 986.2968400604931,1129.0454167640971,1199.5182726741828,1306.9306999069775
192.9443760715732, 501.24434453455643, 556.2065919483623, 108.23741140698844, 987.0460826440169,1129.6443785988126,1200.0628383509445,1307.3522806924202
193.9443760715732, 501.4652213160691, 556.3532472037249, 108.26438331504767, 987.7980356742014,1130.2455963560178,1200.6094093478898,1307.7755381150628
194.9443760715732, 501.68723484470837, 556.5008368304178, 108.29137730446303, 988.5526951155866,1130.8490663200937,1201.1579822597564,1308.2004689364803
195.9443760715732, 501.91038455023664, 556.6493623170416, 108.31839264923697, 989.3100569770946,1131.454784793345,1201.7085536978925,1308.6270699090392
196.9443760715732, 502.1346698521217, 556.7988251389753, 108.3454286255221, 990.0701173107266,1132.0627480951591,1202.2611202893993,1309.0553377755073
197.9443760715732, 502.36009015951396, 556.9492267582425, 108.37248451160535, 990.8328722102667,1132.6729525611763,1202.8156786762845,1309.48526926868
198.9443760715732, 502.58664487122473, 557.1005686233784, 108.39955958789211, 991.5983178099991,1133.2853945424606,1203.3722255146179,1309.9168611110022
199.9443760715732, 502.81433337570456, 557.2528521692971, 108.42665313689152, 992.3664502834299,1133.900070404683,1203.9307574736958,1310.350110014198
200.9443760715732, 503.0431550510223, 557.4060788171612, 108.45376444320156, 993.1372658420225,1134.516976527305,1204.4912712352123,1310.7850126789024
201.9443760715732, 503.27310926484546, 557.5602499742523, 108.480892793495, 993.9107607339377,1135.1361093027724,1205.0537634924312,1311.2215657942938
202.9443760715732, 503.5041953744195, 557.7153670338399, 108.50803747650563, 994.6869312427859,1135.7574651357147,1205.6182309493745,1311.6597660377365
203.9443760715732, 503.73641272655107, 557.8714313750573, 108.53519778301522, 995.4657736863885,1136.3810404421497,1206.1846703200074,1312.099610074419
204.9443760715732, 503.96976065758844, 558.0284443627717, 108.56237300584043, 996.2472844155461,1137.0068316486954,1206.7530783274356,1312.5410945570015
205.9443760715732, 504.204238493404, 558.1864073474602, 108.58956243982045, 997.0314598128195,1137.6348351917864,1207.323451703106,1312.9842161252618
206.9443760715732, 504.4398455468968, 558.3453216634106, 108.61676538151919, 997.8182962896685,1138.2650475135588,1207.8957871818516,1313.4289714003087
207.9443760715732, 504.6765811274487, 558.5051886349884, 108.64398113030649, 998.6077902915356,1138.8974650738319,1208.470081517,1313.8753570050128
208.9443760715732, 504.91444452732156, 558.6660095673517, 108.67120898677756, 999.3999382876398,1139.5320843310512,1209.0463314567935,1314.3233695338545
209.9443760715732, 505.15343503031994, 558.8277857521797, 108.69844825374554, 1000.1947367755467,1140.1689017532158,1209.6245337581804,1314.7730055716295
210.9443760715732, 505.39355190969474, 558.9905184661503, 108.72569823598997, 1000.9921822786124,1140.8079138143196,1210.204685182547,1315.2242616885399
211.9443760715732, 505.63479442813065, 559.1542089708223, 108.75295824024691, 1001.7922713448174,1141.4491169936114,1210.7867824949672,1315.677134439867
212.9443760715732, 505.8771618377328, 559.3188585125165, 108.78022757519922, 1002.5950005456112,1142.0925077748523,1211.370822463437,1316.1316203656374
213.9443760715732, 506.12065338001497, 559.4844683221997, 108.80750555146733, 1003.4003664747622,1142.738082645583,1211.9568018581356,1316.5877159903025
214.9443760715732, 506.36526828588796, 559.6510396153711, 108.83479148160008, 1004.2083657472208,1143.3858380963975,1212.5447174506758,1317.0454178224102
215.9443760715732, 506.61100577564883, 559.8185735919462, 108.86208468006629, 1005.0189949979897,1144.0357706202217,1213.134566013372,1317.5047223542877
216.9443760715732, 506.8578650589709, 559.9870714361459, 108.8893844632464, 1005.8322508810029,1144.6878767115984,1213.7263443185088,1317.9656260617244
217.9443760715732, 507.1058453348943, 560.1565343163841, 108.9166901494245, 1006.6481300680148,1145.3421528659783,1214.3200491376167,1318.4281254036575
218.9443760715732, 507.3549457918173, 560.3269633851577, 108.94400105878081, 1007.4666292474977,1145.9985955790175,1214.9156772407546,1318.8922168218617
219.9443760715732, 507.6051656074879, 560.4983597789378, 108.97131651338425, 1008.2877451235491,1146.6572013458808,1215.5132253957984,1319.3578967406397
220.9443760715732, 507.8565039489972, 560.6707246180625, 108.99863583718549, 1009.1114744148073,1147.3179666605497,1216.112690367735,1319.82516156652
221.9443760715732, 508.1089599727718, 560.8440590066292, 109.02595835601043, 1009.937813853378,1147.9808880151388,1216.7140689179628,1320.294007687952
222.9443760715732, 508.3625328245684, 561.0183640323904, 109.05328339755356, 1010.7667601837652,1148.6459618992162,1217.3173578035987,1320.7644314750091
223.9443760715732, 508.6172216394685, 561.1936407666497, 109.08061029137207, 1011.5983101618182,1149.313184799132,1217.92255377679,1321.2364292790917
224.9443760715732, 508.8730255418731, 561.3698902641588, 109.10793836887997, 1012.4324605536804,1149.9825531973474,1218.5296535840325,1321.7099974326336
225.9443760715732, 509.1299436454998, 561.5471135630174, 109.13526696334263, 1013.2692081347526,1150.6540635717793,1219.1386539654964,1322.1851322488117
226.9443760715732, 509.3879750533782, 561.7253116845714, 109.16259540987153, 1014.108549688663,1151.3277123951402,1219.7495516543565,1322.6618300212597
227.9443760715732, 509.64711885784857, 561.9044856333153, 109.18992304541923, 1014.9504820062449,1152.0034961342917,1220.3623433761277,1323.1400870237808
228.9443760715732, 509.90737414055917, 562.0846363967955, 109.21724920877485, 1015.7950018845266,1152.6814112495986,1220.9770258480075,1323.619899510069
229.9443760715732, 510.16873997246495, 562.2657649455127, 109.24457324055943, 1016.6421061257272,1153.361454194295,1221.593595778228,1324.1012637134277
230.9443760715732, 510.4312154138278, 562.4478722328289, 109.27189448322194, 1017.491791536263,1154.043621413848,1222.2120498654044,1324.5841758464935
231.9443760715732, 510.69479951421545, 562.630959194873, 109.29921228103517, 1018.3440549257613,1154.7279093453358,1222.832384797899,1325.068632100964
232.9443760715732, 510.95949131250376, 562.8150267504491, 109.32652598009228, 1019.1988931060869,1155.4143144168245,1223.4545972531887,1325.5546286473268
233.9443760715732, 511.2252898368768, 563.0000758009459, 109.35383492830317, 1020.056302890371,1156.1028330467557,1224.0786838972317,1326.0421616345907
234.9443760715732, 511.4921941048301, 563.186107230248, 109.38113847539132, 1020.9162810920541,1156.7934616433367,1224.7046413838511,1326.5312271900198
235.9443760715732, 511.760203123173, 563.3731219046476, 109.4084359728909, 1021.7788245239369,1157.4861966039377,1225.3324663541157,1327.0218214188744
236.9443760715732, 512.0293158880321, 563.5611206727579, 109.43572677414393, 1022.6439299972392,1158.1810343144953,1225.962155435729,1327.513940404147
237.9443760715732, 512.2995313848561, 563.7501043654286, 109.46301023429778, 1023.5115943206649,1158.8779711489196,1226.5937052424265,1328.0075802063072
238.9443760715732, 512.5708485884203, 563.9400737956618, 109.49028571030296, 1024.381814299482,1159.5770034685104,1227.2271123733763,1328.5027368630485
239.9443760715732, 512.8432664628319, 564.1310297585302, 109.51755256091087, 1025.2545867346046,1160.2781276213748,1227.8623734125842,1328.999406389034
240.9443760715732, 513.1167839615371, 564.3229730310959, 109.54481014667196, 1026.129908421688,1160.981339941854,1228.499484928309,1329.4975847756482
241.9443760715732, 513.3914000273271, 564.5159043723313, 109.57205782993412, 1027.0077761502323,1161.6866367499542,1229.1384434724787,1329.9972679907519
242.9443760715732, 513.6671135923468, 564.7098245230411, 109.59929497484114, 1027.8881867026896,1162.3940143507828,1229.7792455801155,1330.4984519784368
243.9443760715732, 513.9439235781026, 564.9047342057856, 109.62652094733134, 1028.7711368535872,1163.1034690339911,1230.4218877687667,1331.0011326587849
244.9443760715732, 514.2218288954708, 565.1006341248059, 109.65373511513666, 1029.6566233686547,1163.8149970732215,1231.0663665379366,1331.50530592763
245.9443760715732, 514.5008284447086, 565.2975249659504, 109.6809368477815, 1030.544643003958,1164.5285947255609,1231.7126783685312,1332.0109676563213
246.9443760715732, 514.7809211154637, 565.4954073966023, 109.70812551658223, 1031.435192505049,1165.2442582310011,1232.3608197223034,1332.5181136914907
247.9443760715732, 515.0621057867851, 565.694282065609, 109.73530049464644, 1032.3282686061145,1165.9619838119002,1233.0107870413053,1333.0267398548226
248.9443760715732, 515.3443813271356, 565.8941496032128, 109.76246115687265, 1033.223868029141,1166.6817676724545,1233.6625767473454,1333.5368419428235
249.9443760715732, 515.6277465944036, 566.095010620984, 109.78960687995009, 1034.1219874830833,1167.4036059981734,1234.3161852414535,1334.0484157265983
250.9443760715732, 515.9122004359162, 566.2968657117532, 109.81673704235853, 1035.0226236630444,1168.127494955359,1234.9716089033482,1334.5614569516251
251.9443760715732, 516.1977416884537, 566.4997154495477, 109.84385102436865, 1035.925773249462,1168.853430690593,1235.628844090912,1335.0759613375387
252.9443760715732, 516.4843691782628, 566.7035603895278, 109.87094820804207, 1036.8314329073032,1169.581409330229,1236.2878871396717,1335.5919245779075
253.9443760715732, 516.7720817210728, 566.9084010679248, 109.89802797723178, 1037.739599285269,1170.3114269798862,1236.948734362283,1336.1093423400216
254.9443760715732, 517.0608781221109, 567.1142380019813, 109.92508971758296, 1038.650269015004,1171.043479723955,1237.6113820480216,1336.6282102646776
255.9443760715732, 517.3507571761185, 567.3210716898919, 109.95213281653339, 1039.563438710319,1171.7775636251022,1238.2758264622798,1337.14852396597
256.9443760715732, 517.6417176673684, 567.5289026107461, 109.97915666331453, 1040.479104966417,1172.513674723783,1238.9420638460679,1337.670279031081
257.9443760715732, 517.9337583696831, 567.7377312244727, 110.00616064895239, 1041.39726435913,1173.251809037763,1239.6100904155217,1338.1934710200776
258.9443760715732, 518.2268780464525, 567.9475579717853, 110.03314416626877, 1042.3179134441627,1173.9919625616353,1240.2799023614143,1338.718095465705
259.9443760715732, 518.5210754506531, 568.1583832741296, 110.0601066098825, 1043.2410487563454,1174.734131266355,1240.9514958486757,1339.2441478731898
260.9443760715732, 518.8163493248682, 568.3702075336329, 110.08704737621075, 1044.166666808893,1175.4783110987667,1241.6248670159116,1339.7716237200377
261.9443760715732, 519.1126984013082, 568.5830311330534, 110.11396586347068, 1045.0947640926752,1176.2244979811485,1242.3000119749377,1340.3005184558428
262.9443760715732, 519.4101214018312, 568.7968544357329, 110.14086147168109, 1046.0253370754892,1176.972687810753,1242.9769268103091,1340.8308275020895
263.9443760715732, 519.7086170379653, 569.0116777855501, 110.16773360266409, 1046.9583822013471,1177.7228764593563,1243.6556075788594,1341.3625462519628
264.9443760715732, 520.0081840109306, 569.2275015068749, 110.19458166004699, 1047.8938958897659,1178.475059772813,1244.3360503092476,1341.8956700701629
265.9443760715732, 520.3088210116624, 569.444325904526, 110.22140504926442, 1048.831874535066,1179.2292335706147,1245.0182510015056,1342.4301942927138
266.9443760715732, 520.610526720835, 569.6621512637281, 110.24820317756028, 1049.7723145056805,1179.9853936454538,1245.7022056265916,1342.9661142267846
267.9443760715732, 520.9132998088859, 569.8809778500719, 110.27497545399008, 1050.7152121434685,1180.7435357627937,1246.3879101259515,1343.5034251505047
268.9443760715732, 521.2171389360404, 570.1008059094752, 110.30172128942318, 1051.6605637630396,1181.5036556604427,1247.0753604110832,1344.0421223127873
269.9443760715732, 521.5220427523382, 570.3216356681459, 110.32844009654518, 1052.6083656510807,1182.2657490481313,1247.7645523631058,1344.58220093315
270.9443760715732, 521.8280098976581, 570.5434673325451, 110.35513128986054, 1053.5586140656983,1183.0298116070983,1248.4554818323359,1345.1236562015433
271.9443760715732, 522.1350390017471, 570.7663010893554, 110.38179428569508, 1054.5113052357608,1183.7958389896792,1249.1481446378662,1345.666483278177
272.9443760715732, 522.4431286842454, 570.9901371054448, 110.40842850219867, 1055.4664353602518,1184.563826818899,1249.8425365671505,1346.2106772933516
273.9443760715732, 522.7522775547166, 571.2149755278396, 110.4350333593482, 1056.4240006076307,1185.3337706880734,1250.5386533755955,1346.7562333472902
274.9443760715732, 523.062484212675, 571.4408164836914, 110.46160827895012, 1057.3839971152001,1186.1056661604075,1251.2364907861515,1347.3031465099727
275.9443760715732, 523.3737472476166, 571.6676600802514, 110.48815268464375, 1058.3464209884828,1186.8795087686103,1251.936044488919,1347.8514118209773
276.9443760715732, 523.6860652390471, 571.8955064048433, 110.514666001904, 1059.3112683006002,1187.6552940145014,1252.6373101407464,1348.4010242893137
277.9443760715732, 523.9994367565147, 572.1243555248383, 110.54114765804472, 1060.2785350916658,1188.4330173686349,1253.3402833648452,1348.951978893272
278.9443760715732, 524.3138603596395, 572.3542074876331, 110.56759708222172, 1061.2482173681803,1189.212674269916,1254.0449597504,1349.5042705802598
279.9443760715732, 524.6293345981468, 572.5850623206261, 110.59401370543613, 1062.2203111024355,1189.9942601252335,1254.7513348521923,1350.0578942666557
280.9443760715732, 524.9458580118986, 572.8169200311997, 110.62039696053762, 1063.1948122319268,1190.7777703090871,1255.459404190221,1350.6128448376521
281.9443760715732, 525.2634291309275, 573.0497806067, 110.64674628222788, 1064.1717166587696,1191.563200163228,1256.169163249334,1351.1691171471111
282.9443760715732, 525.5820464754695, 573.2836440144204, 110.67306110706407, 1065.1510202491265,1192.3505449962968,1256.88060747886,1351.7267060174127
283.9443760715732, 525.9017085559992, 573.5185102015871, 110.69934087346223, 1066.1327188326386,1193.1398000834704,1257.5937322922473,1352.2856062393143
284.9443760715732, 526.2224138732644, 573.754379095344, 110.72558502170092, 1067.1168082018648,1193.9309606661134,1258.3085330667093,1352.845812571809
285.9443760715732, 526.5441609183209, 573.9912506027409, 110.75179299392492, 1068.1032841117292,1194.72402195143,1259.0250051428684,1353.407319741979
286.9443760715732, 526.8669481725698, 574.2291246107234, 110.7779642341488, 1069.0921422789722,1195.5189791121268,1259.7431438244118,1353.9701224448663
287.9443760715732, 527.1907741077933, 574.468000986123, 110.8040981882606, 1070.0833783816129,1196.3158272860733,1260.4629443777476,1354.5342153433317
288.9443760715732, 527.5156371861925, 574.7078795756497, 110.83019430402582, 1071.076988058412,1197.114561575972,1261.1844020316644,1355.0995930679205
289.9443760715732, 527.8415358604246, 574.9487602058867, 110.85625203109105, 1072.072966908351,1197.9151770490312,1261.907511977001,1355.6662502167362
290.9443760715732, 528.1684685736416, 575.1906426832848, 110.88227082098786, 1073.0713104901058,1198.7176687366389,1262.6322693663137,1356.2341813553048
291.9443760715732, 528.49643375953, 575.4335267941606, 110.90825012713685, 1074.0720143215383,1199.5220316340499,1263.3586693135567,1356.8033810164548
292.9443760715732, 528.8254298423489, 575.6774123046944, 110.93418940485145, 1075.0750738791871,1200.3282607000651,1264.0867068937546,1357.3738437001853
293.9443760715732, 529.1554552369713, 575.9222989609309, 110.96008811134193, 1076.0804845977689,1201.1363508567251,1264.8163771426925,1357.9455638735478
294.9443760715732, 529.4865083489244, 576.168186488781, 110.98594570571946, 1077.0882418696829,1201.9462969890042,1265.5476750566033,1358.5185359705256
295.9443760715732, 529.818587574431, 576.4150745940244, 111.01176164900016, 1078.0983410445251,1202.7580939445081,1266.2805955918589,1359.0927543919113
296.9443760715732, 530.1516913004507, 576.6629629623155, 111.03753540410916, 1079.1107774286081,1203.571736533176,1267.0151336646686,1359.6682135051951
297.9443760715732, 530.4858179047229, 576.9118512591891, 111.06326643588466, 1080.125546284484,1204.3872195269887,1267.7512841507819,1360.2449076444482
298.9443760715732, 530.8209657558092, 577.1617391300686, 111.08895421108214, 1081.142642830478,1205.2045376596786,1268.4890418851924,1360.8228311102084
299.9443760715732, 531.1571332131373, 577.4126262002749, 111.11459819837853, 1082.1620622402268,1206.023685626446,1269.228401661851,1361.401978169375
300.9443760715732, 531.4943186270445, 577.6645120750389, 111.14019786837628, 1083.1837996422219,1206.8446580836762,1269.9693582333762,1361.9823430550969
301.9443760715732, 531.8325203388222, 577.9173963395119, 111.16575269360764, 1084.2078501193591,1207.667449648665,1270.711906310777,1362.5639199666668
302.9443760715732, 532.1717366807611, 578.1712785587818, 111.19126214853884, 1085.2342087084971,1208.492054899345,1271.4560405631742,1363.1467030694182
303.9443760715732, 532.5119659761968, 578.4261582778863, 111.21672570957439, 1086.262870400019,1209.3184683740162,1272.2017556175274,1363.7306864946236
304.9443760715732, 532.8532065395557, 578.682035021833, 111.24214285506115, 1087.2938301373993,1210.1466845710818,1272.9490460583643,1364.315864339392
305.9443760715732, 533.1954566764012, 578.9389082956145, 111.26751306529286, 1088.3270828167817,1210.976697948789,1273.697906427522,1364.9022306665772
306.9443760715732, 533.5387146834814, 579.1967775842315, 111.29283582251405, 1089.3626232865558,1211.8085029249683,1274.4483312238774,1365.489779504671
307.9443760715732, 533.8829788487762, 579.4556423527125, 111.31811061092462, 1090.4004463469469,1212.6420938767853,1275.2003149031002,1366.078504847722
308.9443760715732, 534.2282474515456, 579.7155020461378, 111.34333691668395, 1091.4405467496033,1213.4774651404864,1275.9538518773927,1366.6684006552323
309.9443760715732, 534.574518762378, 579.9763560896632, 111.36851422791521, 1092.4829191972,1214.3146110111584,1276.7089365152456,1367.259460852076
310.9443760715732, 534.9217910432394, 580.2382038885471, 111.39364203470966, 1093.5275583430368,1215.1535257424825,1277.4655631411906,1367.8516793284052
311.9443760715732, 535.2700625475229, 580.5010448281772, 111.41871982913086, 1094.5744587906515,1215.9942035465006,1278.2237260355635,1368.445049939567
312.9443760715732, 535.6193315200985, 580.7648782740997, 111.44374710521903, 1095.6236150934303,1216.8366385933768,1278.983419434262,1369.039566506018
313.9443760715732, 535.9695961973644, 581.0297035720499, 111.46872335899535, 1096.6750217542335,1217.6808250111726,1279.744637528518,1369.635222813243
314.9443760715732, 536.3208548072961, 581.2955200479839, 111.49364808846599, 1097.728673225016,1218.5267568856136,1280.507374464665,1370.2320126116733
315.9443760715732, 536.6731055695, 581.5623270081117, 111.5185207936267, 1098.784563906462,1219.374428259873,1281.2716243439138,1370.8299296166097
316.9443760715732, 537.0263466952636, 581.8301237389323, 111.54334097646688, 1099.84268814762,1220.2238331343458,1282.0373812221308,1371.4289675081432
317.9443760715732, 537.3805763876085, 582.0989095072703, 111.56810814097372, 1100.9030402455464,1221.0749654664387,1282.8046391096204,1372.0291199310846
318.9443760715732, 537.7357928413431, 582.3686835603128, 111.59282179313668, 1101.9656144449498,1221.927819170354,1283.5733919709114,1372.6303804948866
319.9443760715732, 538.091994243116, 582.6394451256486, 111.6174814409515, 1103.0304049378474,1222.782388116882,1284.343633724545,1373.232742773578
320.9443760715732, 538.4491787714686, 582.911193411309, 111.64208659442443, 1104.09740586322,1223.6386661331962,1285.1153582428688,1373.8362003056898
321.9443760715732, 538.8073445968906, 583.1839276058096, 111.66663676557648, 1105.1666113066753,1224.4966470026498,1285.8885593518344,1374.4407465941904
322.9443760715732, 539.1664898818731, 583.4576468781929, 111.69113146844757, 1106.2380153001172,1225.3563244645784,1286.6632308307946,1375.046375106418
323.9443760715732, 539.5266127809646, 583.732350378074, 111.71557021910051, 1107.3116118214182,1226.2176922141057,1287.4393664123124,1375.6530792740223
324.9443760715732, 539.8877114408257, 584.0080372356861, 111.73995253562538, 1108.3873947940965,1227.0807439019495,1288.2169597819643,1376.2608524928953
325.9443760715732, 540.249784000285, 584.2847065619279, 111.76427793814337, 1109.4653580870004,1227.9454731342353,1288.9960045781522,1376.8696881231135
326.9443760715732, 540.6128285903948, 584.5623574484124, 111.78854594881103, 1110.5454955139958,1228.8118734723103,1289.7764943919183,1377.4795794888837
327.9443760715732, 540.9768433344884, 584.840988967517, 111.81275609182426, 1111.6278008336599,1229.6799384325627,1290.5584227667628,1378.0905198784808
328.9443760715732, 541.3418263482362, 585.120600172435, 111.83690789342218, 1112.712267748976,1230.5496614862407,1291.3417831984648,1378.7025025441949
329.9443760715732, 541.7077757397035, 585.4011900972283, 111.86100088189136, 1113.7988899070397,1231.421036059279,1292.1265691349072,1379.3155207022796
330.9443760715732, 542.0746896094078, 585.6827577568821, 111.88503458756958, 1114.887660898763,1232.294055532127,1292.9127739759037,1379.9295675328992
331.9443760715732, 542.4425660503773, 585.9653021473596, 111.90900854284989, 1115.9785742585882,1233.1687132395791,1293.7003910730316,1380.544636180077
332.9443760715732, 542.8114031482088, 586.2488222456587, 111.9329222821843, 1117.0716234642025,1234.0450024706067,1294.4894137294646,1381.1607197516519
333.9443760715732, 543.1811989811267, 586.5333170098713, 111.9567753420879, 1118.1668019362598,1234.9229164681992,1295.27983519981,1381.7778113192262
334.9443760715732, 543.5519516200418, 586.8187853792409, 111.98056726114241, 1119.264103038107,1235.8024484292011,1296.0716486899528,1382.3959039181264
335.9443760715732, 543.9236591286113, 587.1052262742242, 112.00429758000014, 1120.3635200755116,1236.6835915041565,1296.864847356897,1383.0149905473565
336.9443760715732, 544.2963195632987, 587.3926385965535, 112.02796584138774, 1121.4650462963982,1237.566338797156,1297.6594243086122,1383.6350641695576
337.9443760715732, 544.6699309734324, 587.6810212292987, 112.05157159010963, 1122.5686748905869,1238.4506833656826,1298.4553726038862,1384.2561177109683
338.9443760715732, 545.0444914012687, 587.9703730369324, 112.07511437305209, 1123.6743989895353,1239.336618220469,1299.2526852521783,1384.8781440613866
339.9443760715732, 545.4199988820502, 588.2606928653948, 112.09859373918646, 1124.7822116660864,1240.224136325347,1300.051355213473,1385.5011360741319
340.9443760715732, 545.7964514440685, 588.551979542162, 112.12200923957295, 1125.89210593422,1241.1132305971091,1300.8513753981415,1386.1250865660127
341.9443760715732, 546.1738471087247, 588.8442318763126, 112.14536042736417, 1127.0040747488083,1242.0038939053684,1301.652738666806,1386.7499883172895
342.9443760715732, 546.5521838905916, 589.1374486585977, 112.16864685780847, 1128.1181110053767,1242.89611907242,1302.4554378301996,1387.3758340716458
343.9443760715732, 546.931459797476, 589.4316286615115, 112.1918680882535, 1129.2342075398656,1243.7898988731117,1303.2594656490419,1388.0026165361578
344.9443760715732, 547.31167283048, 589.7267706393621, 112.21502367814958, 1130.3523571284009,1244.6852260347073,1304.0648148339026,1388.6303283812622
345.9443760715732, 547.6928209840646, 590.0228733283452, 112.23811318905291, 1131.4725524870628,1245.5820932367621,1304.8714780450823,1389.2589622407322
346.9443760715732, 548.0749022461124, 590.3199354466184, 112.26113618462905, 1132.5947862716648,1246.4804931109977,1305.679447892485,1389.8885107116519
347.9443760715732, 548.45791459799, 590.6179556943746, 112.28409223065607, 1133.719051077531,1247.3804182411748,1306.4887169354993,1390.5189663543883
348.9443760715732, 548.841856014613, 590.9169327539204, 112.3069808950276, 1134.8453394392814,1248.281861162978,1307.2992776828814,1391.1503216925735
349.9443760715732, 549.2267244645077, 591.216865289752, 112.32980174775618, 1135.9736438306172,1249.1848143638936,1308.1111225926386,1391.7825692130773
350.9443760715732, 549.6125179098769, 591.5177519486344, 112.3525543609763, 1137.1039566641139,1250.0892702830988,1308.9242440719206,1392.4157013659947
351.9443760715732, 549.9992343066632, 591.8195913596807, 112.3752383089472, 1138.2362702910145,1250.9952213113438,1309.7386344769054,1393.04971056462
352.9443760715732, 550.3868716046126, 592.1223821344324, 112.3978531680561, 1139.3705770010288,1251.9026597908462,1310.5542861126958,1393.6845891854332
353.9443760715732, 550.7754277473418, 592.4261228669432, 112.42039851682098, 1140.5068690221356,1252.8115780151809,1311.3711912332155,1394.320329568086
354.9443760715732, 551.1649006724, 592.7308121338583, 112.44287393589347, 1141.6451385203868,1253.7219682291745,1312.1893420411045,1394.9569240153833
355.9443760715732, 551.5552883113364, 593.0364484945023, 112.46527900806156, 1142.7853775997175,1254.6338226288044,1313.0087306876235,1395.594364793274
356.9443760715732, 551.9465885897642, 593.3430304909604, 112.48761331825244, 1143.9275783017592,1255.5471333610956,1313.8293492725556,1396.232644130837
357.9443760715732, 552.3387994274269, 593.650556648167, 112.50987645353511, 1145.071732605654,1256.4618925240243,1314.651189844111,1396.8717542202717
358.9443760715732, 552.7319187382639, 593.9590254739918, 112.53206800312296, 1146.2178324278752,1257.3780921664218,1315.4742443988398,1397.51168721689
359.9443760715732, 553.1259444304758, 594.2684354593272, 112.55418755837644, 1147.365869622049,1258.2957242878797,1316.2985048815372,1398.152435239107
360.9443760715732, 553.5208744065918, 594.5787850781778, 112.57623471280537, 1148.515835978781,1259.2147808386612,1317.1239631851608,1398.7939903684364
361.9443760715732, 553.9167065635353, 594.8900727877508, 112.59820906207148, 1149.6677232254847,1260.1352537196078,1317.950611150745,1399.4363446494824
362.9443760715732, 554.3134387926902, 595.2022970285457, 112.62011020399076, 1150.8215230262142,1261.0571347820567,1318.7784405673187,1400.079490089942
363.9443760715732, 554.7110689799689, 595.5154562244473, 112.64193773853572, 1151.9772269815003,1261.9804158277525,1319.6074431718255,1400.7234186605958
364.9443760715732, 555.109595005877, 595.8295487828177, 112.66369126783759, 1153.1348266281864,1262.9050886087666,1320.4376106490458,1401.3681222953098
365.9443760715732, 555.5090147455824, 596.14457309459, 112.68537039618853, 1154.2943134392726,1263.8311448274158,1321.2689346315226,1402.0135928910363
366.9443760715732, 555.9093260689815, 596.4605275343638, 112.70697473004371, 1155.45567882376,1264.7585761361847,1322.101406699489,1402.659822307814
367.9443760715732, 556.3105268407669, 596.7774104604991, 112.72850387802328, 1156.6189141264967,1265.687374137647,1322.935018380794,1403.3068023687692
368.9443760715732, 556.7126149204944, 597.095220215215, 112.74995745091445, 1157.784010628029,1266.6175303843945,1323.7697611508374,1403.9545248601212
369.9443760715732, 557.1155881626515, 597.4139551246841, 112.77133506167324, 1158.9509595444547,1267.5490363789615,1324.6056264325027,1404.602981531188
370.9443760715732, 557.5194444167237, 597.7336134991327, 112.7926363254263, 1160.1197520272785,1268.481883573754,1325.4426055960878,1405.2521640943862
371.9443760715732, 557.9241815272641, 598.0541936329391, 112.81386085947283, 1161.290379163272,1269.4160633709855,1326.2806899592504,1405.902064225247
372.9443760715732, 558.3297973339603, 598.3756938047336, 112.83500828328609, 1162.4628319743354,1270.351567122606,1327.1198707869416,1406.552673562417
373.9443760715732, 558.7362896717025, 598.698112277498, 112.85607821851501, 1163.6371014173585,1271.2883861302366,1327.9601392913492,1407.2039837076702
374.9443760715732, 559.1436563706526, 599.0214472986687, 112.87707028898582, 1164.8131783840925,1272.226511645112,1328.801486631842,1407.8559862259203
375.9443760715732, 559.5518952563111, 599.3456971002373, 112.89798412070341, 1165.9910537010148,1273.1659348680116,1329.643903914913,1408.508672645227
376.9443760715732, 559.9610041495869, 599.6708598988546, 112.91881934185282, 1167.170718129205,1274.1066469492064,1330.4873821941294,1409.1620344568123
377.9443760715732, 560.3709808668647, 599.9969338959336, 112.93957558280044, 1168.3521623642164,1275.0486389883986,1331.3319124700806,1409.8160631150752
378.9443760715732, 560.7818232200743, 600.3239172777546, 112.96025247609542, 1169.5353770359545,1275.9919020346658,1332.177485690329,1410.4707500376019
379.9443760715732, 561.1935290167589, 600.6518082155694, 112.98084965647054, 1170.7203527085571,1276.936427086406,1333.0240927493614,1411.1260866051834
380.9443760715732, 561.606096060144, 600.9806048657083, 113.00136676084371, 1171.9070798802732,1277.8822050912868,1333.8717244885488,1411.7820641618341
381.9443760715732, 562.0195221492053, 601.3103053696855, 113.02180342831866, 1173.0955489833507,1278.8292269461929,1334.7203716960953,1412.4386740148059
382.9443760715732, 562.4338050787388, 601.6409078543074, 113.04215930018601, 1174.285750383921,1279.777483497176,1335.5700251070027,1413.0959074346074
383.9443760715732, 562.8489426394295, 601.9724104317803, 113.06243401992414, 1175.4776743818873,1280.7269655394107,1336.4206754030274,1413.753755655027
384.9443760715732, 563.2649326179188, 602.3048111998185, 113.08262723319997, 1176.6713112108164,1281.6776638171425,1337.2723132126407,1414.4122098731466
385.9443760715732, 563.6817727968754, 602.6381082417535, 113.10273858786974, 1177.8666510378325,1282.6295690236484,1338.1249291109957,1415.071261249369
386.9443760715732, 564.099460955063, 602.972299626645, 113.12276773397946, 1179.0636839635094,1283.5826718011895,1338.9785136198877,1415.730900907437
387.9443760715732, 564.5179948674097, 603.3073834093901, 113.14271432376574, 1180.2624000217725,1284.536962740973,1339.8330572077239,1416.391119934457
388.9443760715732, 564.9373723050771, 603.6433576308351, 113.16257801165607, 1181.4627891797936,1285.4924323831071,1340.6885502894884,1417.0519093809232
389.9443760715732, 565.357591035529, 603.9802203178866, 113.18235845426932, 1182.6648413378957,1286.4490712165666,1341.5449832267143,1417.7132602607417
390.9443760715732, 565.778648822601, 604.3179694836244, 113.20205531041609, 1183.8685463294528,1287.4068696791526,1342.4023463274516,1418.3751635512567
391.9443760715732, 566.2005434265689, 604.6566031274141, 113.22166824109887, 1185.0738939207995,1288.3658181574563,1343.260629846243,1419.0376101932773
392.9443760715732, 566.6232726042181, 604.9961192350203, 113.24119690951234, 1186.2808738111344,1289.3259069868257,1344.1198239840949,1419.7005910911041
393.9443760715732, 567.0468341089123, 605.3365157787201, 113.26064098104341, 1187.4894756324322,1290.2871264513308,1344.9799188884526,1420.3640971125574
394.9443760715732, 567.4712256906628, 605.6777907174186, 113.2800001232712, 1188.6996889493505,1291.249466783729,1345.8409046531774,1421.0281190890048
395.9443760715732, 567.8964450961977, 606.0199419967628, 113.29927400596706, 1189.9115032591476,1292.2129181654395,1346.7027713185255,1421.6926478153941
396.9443760715732, 568.3224900690299, 606.362967549257, 113.31846230109443, 1191.1249079915917,1293.1774707265079,1347.5655088711271,1422.3576740502808
397.9443760715732, 568.7493583495269, 606.7068652943797, 113.33756468280855, 1192.339892508881,1294.1431145455797,1348.4291072439628,1423.0231885158596
398.9443760715732, 569.1770476749792, 607.0516331386985, 113.35658082745624, 1193.5564461055576,1295.109839649873,1349.2935563163517,1423.6891818979948
399.9443760715732, 569.6055557796697, 607.3972689759885, 113.37551041357555, 1194.7745580084313,1296.0776360151513,1350.158845913929,1424.3556448462577
400.9443760715732, 570.0348803949414, 607.7437706873471, 113.39435312189521, 1195.9942173764966,1297.0464935656985,1351.024965808634,1425.0225679739553
401.9443760715732, 570.4650192492671, 608.0911361413146, 113.41310863533421, 1197.2154133008562,1298.0164021742942,1351.8919057186918,1425.6899418581638
402.9443760715732, 570.8959700683175, 608.4393631939893, 113.43177663900116, 1198.438134804645,1298.987351662191,1352.7596553086037,1426.3577570397658
403.9443760715732, 571.32773057503, 608.7884496891484, 113.45035682019356, 1199.662370842957,1299.9593317990914,1353.628204189131,1427.0260040234837
404.9443760715732, 571.7602984896772, 609.138393458365, 113.46884886839706, 1200.8881103027688,1300.9323323031276,1354.497541917287,1427.6946732779165
405.9443760715732, 572.1936715299352, 609.4891923211286, 113.48725247528466, 1202.115342002871,1301.9063428408413,1355.3676579963244,1428.3637552355754
406.9443760715732, 572.6278474109515, 609.840844084963, 113.5055673347158, 1203.344054693796,1302.8813530271623,1356.2385418757272,1429.0332402929196
407.9443760715732, 573.0628238454143, 610.1933465455476, 113.52379314273526, 1204.5742370577484,1303.857352425393,1357.1101829512018,1429.7031188103958
408.9443760715732, 573.4985985436198, 610.5466974868364, 113.5419295975721, 1205.8058777085394,1304.8343305471897,1357.982570564672,1430.3733811124775
409.9443760715732, 573.9351692135402, 610.9008946811798, 113.55997639963869, 1207.0389651915175,1305.8122768525445,1358.855694004269,1431.0440174876974
410.9443760715732, 574.3725335608924, 611.2559358894437, 113.57793325152915, 1208.2734879835043,1306.7911807497728,1359.7295425043294,1431.7150181886939
411.9443760715732, 574.8106892892047, 611.6118188611317, 113.59579985801834, 1209.5094344927313,1307.7710315954946,1360.604105245389,1432.3863734322451
412.9443760715732, 575.2496340998856, 611.9685413345062, 113.61357592606028, 1210.746793058774,1308.751818694623,1361.479371354182,1433.0580733993152
413.9443760715732, 575.6893656922903, 612.3261010367092, 113.63126116478679, 1211.9855519524929,1309.73353130035,1362.3553299036325,1433.730108235086
414.9443760715732, 576.1298817637894, 612.6844956838852, 113.64885528550583, 1213.2256993759704,1310.7161586141342,1363.2319699128602,1434.402468049008
415.9443760715732, 576.5711800098345, 613.0437229813016, 113.66635800170002, 1214.4672234624522,1311.6996897856875,1364.109280347173,1435.0751429148331
416.9443760715732, 577.0132581240275, 613.4037806234733, 113.68376902902473, 1215.7101122762874,1312.6841139129656,1364.9872501180712,1435.7481228706642
417.9443760715732, 577.4561137981857, 613.764666294282, 113.7010880853065, 1216.9543538128712,1313.6694200421562,1365.8658680832455,1436.4213979189904
418.9443760715732, 577.8997447224098, 614.1263776671018, 113.71831489054114, 1218.199935998588,1314.655597167671,1366.7451230465786,1437.0949580267375
419.9443760715732, 578.3441485851502, 614.4889124049195, 113.73544916689161, 1219.4468466907538,1315.6426342321329,1367.6250037581483,1437.768793125303
420.9443760715732, 578.7893230732732, 614.8522681604592, 113.75249063868631, 1220.6950736775632,1316.6305201263701,1368.5054989142286,1438.4428931106052
421.9443760715732, 579.2352658721289, 615.2164425763044, 113.76943903241668, 1221.9446046780333,1317.6192436894084,1369.3865971572945,1439.1172478431276
422.9443760715732, 579.6819746656155, 615.5814332850216, 113.7862940767353, 1223.1954273419503,1318.6087937084621,1370.2682870760254,1439.7918471479584
423.9443760715732, 580.1294471362467, 615.9472379092833, 113.80305550245343, 1224.4475292498173,1319.5991589189264,1371.1505572053075,1440.4666808148386
424.9443760715732, 580.5776809652165, 616.3138540619915, 113.81972304253884, 1225.7008979128016,1320.5903280043726,1372.0333960262428,1441.1417385982068
425.9443760715732, 581.0266738324664, 616.6812793464013, 113.83629643211331, 1226.955520772683,1321.5822895965416,1372.9167919661513,1441.817010217243
426.9443760715732, 581.4764234167491, 617.0495113562441, 113.85277540845027, 1228.2113852018038,1322.575032275337,1373.800733398579,1442.4924853559157
427.9443760715732, 581.9269273956957, 617.4185476758516, 113.86915971097216, 1229.468478503018,1323.568544568823,1374.6852086433041,1443.1681536630263
428.9443760715732, 582.3781834458789, 617.7883858802794, 113.88544908124781, 1230.7267879096419,1324.562814953215,1375.570205966344,1443.8440047522556
429.9443760715732, 582.8301892428797, 618.1590235354306, 113.90164326298977, 1231.9863005854052,1325.55783185288,1376.455713579963,1444.52002820221
430.9443760715732, 583.2829424613511, 618.5304581981798, 113.91774200205163, 1233.2470036244029,1326.5535836403308,1377.3417196426808,1445.1962135564693
431.9443760715732, 583.736440775082, 618.9026874164958, 113.93374504642493, 1234.5088840510462,1327.5500586362186,1378.2282122592785,1445.8725503236287
432.9443760715732, 584.1906818570635, 619.2757087295669, 113.94965214623657, 1235.7719288200165,1328.547245109338,1379.115179480812,1446.5490279773544
433.9443760715732, 584.6456633795513, 619.649519667924, 113.9654630537455, 1237.0361248162176,1329.5451312766158,1380.0026093046174,1447.2256359564215
434.9443760715732, 585.1013830141297, 620.024117753564, 113.98117752333984, 1238.30145885473,1330.543705303113,1380.8904896743213,1447.9023636647662
435.9443760715732, 585.5578384317761, 620.3995005000735, 113.99679531153372, 1239.567917680763,1331.542955302021,1381.7788084798515,1448.579200471533
436.9443760715732, 586.0150273029234, 620.7756654127529, 114.01231617696403, 1240.8354879696099,1332.5428693346594,1382.6675535574468,1449.2561357111213
437.9443760715732, 586.4729472975241, 621.15260998874, 114.02773988038719, 1242.1041563266035,1333.5434354104727,1383.5567126896667,1449.9331586832332
438.9443760715732, 586.9315960851123, 621.5303317171328, 114.04306618467565, 1243.3739092870687,1334.5446414870316,1384.4462736054024,1450.6102586529187
439.9443760715732, 587.3909713348671, 621.9088280791137, 114.05829485481475, 1244.64473331628,1335.5464754700279,1385.3362239798894,1451.2874248506319
440.9443760715732, 587.8510707156748, 622.2880965480724, 114.07342565789891, 1245.916614809415,1336.5489252132766,1386.2265514347164,1451.9646464722698
441.9443760715732, 588.3118918961909, 622.6681345897297, 114.08845836312828, 1247.189540091511,1337.5519785187093,1387.1172435378353,1452.641912679222
442.9443760715732, 588.7734325449021, 623.0489396622592, 114.10339274180497, 1248.4634954174192,1338.5556231363798,1388.0082878035773,1453.3192125984256
443.9443760715732, 589.2356903301883, 623.430509216412, 114.11822856732944, 1249.7384669717633,1339.5598467644572,1388.8996716926604,1453.9965353224043
444.9443760715732, 589.6986629203839, 623.812840695639, 114.13296561519671, 1251.014440868893,1340.5646370492277,1389.7913826122012,1454.6738699093225
445.9443760715732, 590.162347983838, 624.1959315362125, 114.14760366299242, 1252.2914031528417,1341.5699815850915,1390.6834079157306,1455.3512053830325
446.9443760715732, 590.6267431889775, 624.579779167351, 114.1621424903891, 1253.5693397972814,1342.5758679145656,1391.5757349032015,1456.028530733121
447.9443760715732, 591.091846204365, 624.9643810113391, 114.176581879142, 1254.8482367054803,1343.582283528278,1392.4683508210007,1456.7058349149574
448.9443760715732, 591.5576546987611, 625.349734483651, 114.1909216130852, 1256.1280797102581,1344.58921586497,1393.3612428619645,1457.3831068497445
449.9443760715732, 592.0241663411838, 625.7358369930727, 114.20516147812732, 1257.408854573943,1345.5966523114944,1394.2543981653866,1458.0603354245648
450.9443760715732, 592.4913788009682, 626.1226859418231, 114.21930126224755, 1258.6905469883275,1346.6045802028138,1395.1478038170326,1458.7375094924278
451.9443760715732, 592.9592897478258, 626.5102787256758, 114.23334075549128, 1259.973142574625,1347.6129868219994,1396.0414468491513,1459.414617872319
452.9443760715732, 593.4278968519044, 626.8986127340808, 114.24727974996581, 1261.2566268834253,1348.6218594002307,1396.9353142404843,1460.091649349249
453.9443760715732, 593.8971977838463, 627.2876853502848, 114.26111803983599, 1262.5409853946512,1349.6311851167943,1397.8293929162826,1460.7685926742988
454.9443760715732, 594.3671902148473, 627.6774939514532, 114.27485542131978, 1263.8262035175146,1350.6409510990811,1398.723669748314,1461.4454365646707
455.9443760715732, 594.8378718167148, 628.0680359087897, 114.28849169268369, 1265.1122665904716,1351.651144422586,1399.6181315548768,1462.122169703734
456.9443760715732, 595.3092402619262, 628.459308587657, 114.30202665423838, 1266.3991598811788,1352.6617521109042,1400.512765100809,1462.7987807410714
457.9443760715732, 595.7812932236862, 628.8513093476973, 114.31546010833374, 1267.686868586447,1353.6727611357328,1401.4075570975033,1463.4752582925296
458.9443760715732, 596.2540283759841, 629.2440355429511, 114.32879185935458, 1268.975377832199,1354.684158416864,1402.3024942029137,1464.151590940261
459.9443760715732, 596.7274433936511, 629.6374845219775, 114.34202171371557, 1270.2646726734229,1355.6959308221876,1403.197563021571,1464.8277672327804
460.9443760715732, 597.2015359524177, 630.0316536279735, 114.35514947985654, 1271.5547380941255,1356.7080651676843,1404.0927501045903,1465.5037756850022
461.9443760715732, 597.6763037289691, 630.4265401988924, 114.36817496823767, 1272.84555900729,1357.720548217426,1404.9880419496835,1466.1796047782914
462.9443760715732, 598.1517444010019, 630.8221415675623, 114.38109799133441, 1274.1371202548269,1358.7333666835705,1405.8834250011669,1466.8552429605088
463.9443760715732, 598.6278556472797, 631.2184550618042, 114.39391836363268, 1275.4294066075286,1359.7465072263587,1406.7788856499744,1467.5306786460617
464.9443760715732, 599.1046351476895, 631.6154780045514, 114.40663590162359, 1276.722402765023,1360.7599564541129,1407.6744102336654,1468.205900215942
465.9443760715732, 599.5820805832951, 632.0132077139644, 114.41925042379857, 1278.0160933557272,1361.7737009232287,1408.569985036434,1468.8808960177794
466.9443760715732, 600.0601896363939, 632.4116415035505, 114.43176175064404, 1279.3104629367965,1362.7877271381744,1409.46559628912,1469.5556543658834
467.9443760715732, 600.53895999057, 632.8107766822791, 114.44416970463622, 1280.6054959940827,1363.802021551486,1410.361230169215,1470.2301635412894
468.9443760715732, 601.0183893307491, 633.2106105546987, 114.4564741102359, 1281.9011769420779,1364.8165705637584,1411.256872800872,1470.9044117918027
469.9443760715732, 601.4984753432524, 633.6111404210532, 114.46867479388317, 1283.1974901238727,1365.8313605236453,1412.1525102549163,1471.5783873320472
470.9443760715732, 601.9792157158494, 634.0123635773969, 114.48077158399174, 1284.494419811102,1366.846377727849,1413.0481285488468,1472.252078343503
471.9443760715732, 602.460608137812, 634.4142773157101, 114.49276431094388, 1285.7919502038972,1367.8616084211167,1413.9437136468496,1472.9254729745571
472.9443760715732, 602.9426502999669, 634.8168789240145, 114.5046528070847, 1287.0900654308357,1368.8770387962331,1414.8392514598008,1473.5985593405453
473.9443760715732, 603.425339894748, 635.2201656864862, 114.51643690671649, 1288.3887495488889,1369.8926549940134,1415.7347278452748,1474.2713255237938
474.9443760715732, 603.9086746162487, 635.6241348835712, 114.52811644609353, 1289.6879865433714,1370.9084431032934,1416.6301286075493,1474.9437595736654
475.9443760715732, 604.3926521602737, 636.0287837920981, 114.53969126341593, 1290.9877603278892,1371.924389160927,1417.5254394976123,1475.615849506599
476.9443760715732, 604.8772702243904, 636.4341096853915, 114.55116119882432, 1292.2880547442846,1372.9404791517707,1418.4206462131651,1476.2875833061557
477.9443760715732, 605.3625265079799, 636.8401098333849, 114.56252609439385, 1293.588853562586,1373.9566990086805,1419.3157343986268,1476.9589489230584
478.9443760715732, 605.8484187122884, 637.2467815027329, 114.57378579412854, 1294.890140480952,1374.9730346124989,1420.2106896451419,1477.6299342752347
479.9443760715732, 606.3349445404765, 637.6541219569216, 114.5849401439553, 1296.1918991256139,1375.9894717920442,1421.1054974905774,1478.3005272478586
480.9443760715732, 606.8221016976702, 638.0621284563828, 114.59598899171812, 1297.4941130508269,1377.0059963241038,1422.0001434195315,1478.9707156933885
481.9443760715732, 607.3098878910099, 638.4707982586018, 114.60693218717199, 1298.796765738806,1378.0225939334182,1422.8946128633338,1479.640487431613
482.9443760715732, 607.7983008297008, 638.8801286182301, 114.61776958197713, 1300.0998405996763,1379.039250292672,1423.7888912000453,1480.3098302496874
483.9443760715732, 608.2873382250598, 639.290116787193, 114.62850102969264, 1301.403320971408,1380.0559510224816,1424.6829637544624,1480.9787319021734
484.9443760715732, 608.7769977905668, 639.7007600148019, 114.63912638577067, 1302.7071901197646,1381.0726816913798,1425.5768157981158,1481.6471801110804
485.9443760715732, 609.2672772419104, 640.1120555478597, 114.64964550755012, 1304.0114312382384,1382.0894278158053,1426.4704325492703,1482.315162565902
486.9443760715732, 609.7581742970376, 640.524000630772, 114.66005825425044, 1305.3160274479926,1383.1061748600841,1427.3637991729247,1482.9826669236563
487.9443760715732, 610.2496866762004, 640.936592505654, 114.67036448696562, 1306.620961797801,1384.1229082364202,1428.2569007808106,1483.6496808089219
488.9443760715732, 610.7418121020036, 641.349828412437, 114.68056406865765, 1307.926217263985,1385.139613304876,1429.1497224313885,1484.3161918138785
489.9443760715732, 611.2345482994502, 641.7637055889763, 114.69065686415028, 1309.2317767503494,1386.1562753733547,1430.0422491298482,1484.9821874983404
490.9443760715732, 611.7278929959894, 642.1782212711572, 114.70064274012277, 1310.537623088123,1387.1728796975885,1430.9344658281018,1485.647655389794
491.9443760715732, 612.2218439215619, 642.5933726930003, 114.71052156510346, 1311.8437390358886,1388.1894114811164,1431.826357424783,1486.3125829834353
492.9443760715732, 612.7163988086456, 643.0091570867671, 114.7202932094631, 1313.150107279522,1389.2058558752674,1432.717908765239,1486.9769577422032
493.9443760715732, 613.2115553923007, 643.4255716830646, 114.72995754540865, 1314.4567104321236,1390.2221979791416,1433.6091046415263,1487.640767096814
494.9443760715732, 613.7073114102151, 643.8426137109491, 114.73951444697671, 1315.7635310339513,1391.2384228395888,1434.499929792405,1488.3039984458
495.9443760715732, 614.2036646027483, 644.2602803980301, 114.74896379002682, 1317.0705515523528,1392.2545154511904,1435.3903689033318,1488.9666391555388
496.9443760715732, 614.7006127129764, 644.6785689705731, 114.75830545223492, 1318.377754381694,1393.2704607562353,1436.280406606448,1489.6286765602872
497.9443760715732, 615.1981534867349, 645.0974766536017, 114.76753931308683, 1319.6851218432926,1394.2862436447003,1437.1700274805771,1490.290097962216
498.9443760715732, 615.6962846726627, 645.5170006709997, 114.7766652538714, 1320.992636185344,1395.3018489542249,1438.0592160512113,1490.9508906314409
499.9443760715732, 616.1950040222454, 645.9371382456127, 114.78568315767389, 1322.3002795828472,1396.317261470088,1438.9479567905,1491.6110418060534
500.9443760715732, 616.6943092898571, 646.3578865993481, 114.79459290936923, 1323.6080341375368,1397.3324659251844,1439.8362341172433,1492.2705386921527
501.9443760715732, 617.194198232803, 646.7792429532755, 114.8033943956152, 1324.9158818778033,1398.3474469999978,1440.7240323968742,1492.9293684638758
502.9443760715732, 617.6946686113623, 647.2012045277257, 114.81208750484556, 1326.2238047586197,1399.3621893225768,1441.6113359414517,1493.5875182634281
503.9443760715732, 618.1957181888281, 647.6237685423908, 114.82067212726338, 1327.5317846614641,1400.376677468504,1442.4981290096416,1494.2449752011107
504.9443760715732, 618.6973447315492, 648.0469322164207, 114.829148154834, 1328.8398033942449,1401.3908959608732,1443.384395806705,1494.901726355351
505.9443760715732, 619.1995460089712, 648.4706927685224, 114.83751548127809, 1330.1478426912154,1402.4048292702544,1444.270120484482,1495.5577587727287
506.9443760715732, 619.7023197936768, 648.8950474170562, 114.84577400206483, 1331.4558842129009,1403.4184618146705,1445.1552871413755,1496.2130594680057
507.9443760715732, 620.2056638614246, 649.3199933801316, 114.85392361440476, 1332.763909546012,1404.4317779595603,1446.039879822331,1496.867615424147
508.9443760715732, 620.7095759911912, 649.7455278757052, 114.86196421724306, 1334.0719002033657,1405.4447620177536,1446.923882518825,1497.5214135923575
509.9443760715732, 621.2140539652072, 650.1716481216736, 114.86989571125211, 1335.3798376238003,1406.4573982494323,1447.8072791688382,1498.1744408920945
510.9443760715732, 621.7190955689988, 650.5983513359686, 114.87771799882474, 1336.6877031720896,1407.4696708621018,1448.6900536568387,1498.826684211101
511.9443760715732, 622.2246985914246, 651.0256347366524, 114.885430984067, 1337.9954781388585,1408.4815640105535,1449.5721898137635,1499.4781304054281
512.9443760715732, 622.7308608247149, 651.4534955420097, 114.893034572791, 1339.303143740496,1409.493061796833,1450.4536714169908,1500.1287662994564
513.9443760715732, 623.237580064508, 651.8819309706404, 114.90052867250783, 1340.6106811190652,1410.5041482701995,1451.3344821903218,1500.7785786859213
514.9443760715732, 623.7448541098885, 652.3109382415519, 114.90791319242038, 1341.918071342215,1411.5148074270915,1452.2146058039511,1501.4275543259293
515.9443760715732, 624.2526807634237, 652.740514574251, 114.91518804341608, 1343.2252954030869,1412.5250232110898,1453.0940258744488,1502.075679948989
516.9443760715732, 624.7610578312009, 653.1706571888342, 114.92235313805963, 1344.532334220226,1413.534779512875,1453.9727259647298,1502.722942253022
517.9443760715732, 625.2699831228624, 653.6013633060771, 114.92940839058589, 1345.8391686374844,1414.5440601701885,1454.8506895840244,1503.3693279043885
518.9443760715732, 625.7794544516426, 654.0326301475261, 114.93635371689243, 1347.1457794239273,1415.5528489677927,1455.7279001878564,1504.0148235379042
519.9443760715732, 626.2894696344015, 654.4644549355837, 114.94318903453234, 1348.4521472737388,1416.5611296374286,1456.604341178009,1504.65941575686
520.9443760715732, 626.8000264916625, 654.8968348936012, 114.94991426270678, 1349.7582528061198,1417.5688858577714,1457.4799959024972,1505.3030911330384
521.9443760715732, 627.311122847644, 655.3297672459615, 114.95652932225785, 1351.0640765651942,1418.5761012543858,1458.354847655533,1505.9458362067305
522.9443760715732, 627.8227565302955, 655.7632492181693, 114.96303413566098, 1352.3695990199042,1419.5827593996826,1459.228879677497,1506.5876374867535
523.9443760715732, 628.3349253713315, 656.1972780369366, 114.96942862701756, 1353.6748005639129,1420.588843812873,1460.102075154903,1507.2284814504658
524.9443760715732, 628.8476272062636, 656.6318509302668, 114.97571272204773, 1354.9796615154976,1421.5943379599175,1460.9744172203627,1507.8683545437802
525.9443760715732, 629.360859874435, 657.0669651275415, 114.98188634808271, 1356.2841621174475,1422.599225253481,1461.8458889525514,1508.5072431811782
526.9443760715732, 629.8746212190529, 657.5026178596036, 114.98794943405746, 1357.5882825369565,1423.6034890528822,1462.7164733761697,1509.1451337457256
527.9443760715732, 630.3889090872202, 657.9388063588408, 114.99390191050321, 1358.8920028655182,1424.6071126640434,1463.5861534619073,1509.7820125890835
528.9443760715732, 630.903721329968, 658.3755278592695, 114.99974370953994, 1360.195303118816,1425.6100793394367,1464.4549121264022,1510.4178660315174
529.9443760715732, 631.4190558022871, 658.8127795966152, 115.00547476486882, 1361.4981632366107,1426.612372278034,1465.322732232201,1511.0526803619116
530.9443760715732, 631.9349103631589, 659.2505588083962, 115.01109501176484, 1362.8005630826328,1427.6139746252516,1466.1895965877188,1511.6864418377777
531.9443760715732, 632.4512828755873, 659.6888627340029, 115.0166043870691, 1364.102482444469,1428.6148694728963,1467.0554879471952,1512.3191366852643
532.9443760715732, 632.9681712066273, 660.1276886147783, 115.02200282918136, 1365.4039010334445,1429.6150398591076,1467.9203890106492,1512.9507510991648
533.9443760715732, 633.4855732274168, 660.567033694098, 115.02729027805235, 1366.7047984845103,1430.6144687683015,1468.784282423838,1513.5812712429267
534.9443760715732, 634.0034868132053, 661.0068952174485, 115.03246667517641, 1368.0051543561244,1431.613139131112,1469.6471507782098,1514.2106832486543
535.9443760715732, 634.5219098433835, 661.4472704325054, 115.0375319635836, 1369.3049481301334,1432.611033824332,1470.5089766108529,1514.83897321712
536.9443760715732, 635.0408402015125, 661.8881565892118, 115.0424860878323, 1370.6041592116512,1433.6081356708505,1471.369742404452,1515.4661272177668
537.9443760715732, 635.5602757753521, 662.3295509398537, 115.04732899400157, 1371.902766928939,1434.6044274395954,1472.2294305872376,1516.092131288714
538.9443760715732, 636.0802144516285, 662.7714507346661, 115.052060629636, 1373.2007505302586,1435.5998918401476,1473.088023525429,1516.7169714280624
539.9443760715732, 636.6006541368959, 663.2138532396143, 115.05668094392689, 1374.4980891957234,1436.594511543751,1473.9455035529136,1517.3406336283524
540.9443760715732, 637.1215927266177, 663.6567557101695, 115.0611898874226, 1375.7947620193684,1437.5882691519294,1474.801852927016,1517.9631038253679
541.9443760715732, 637.6430281256264, 664.1001554087459, 115.06558741220813, 1377.0907480207866,1438.5811472171085,1475.6570538576239,1518.584367931956
542.9443760715732, 638.164958243091, 664.5440496004759, 115.06987347185084, 1378.386026142084,1439.573128237425,1476.511088499902,1519.204411829648
543.9443760715732, 638.6873809925416, 664.9884355532809, 115.07404802139263, 1379.6805752477476,1440.5641946566523,1477.363938954237,1519.8232213686579
544.9443760715732, 639.2102942918988, 665.4333105379459, 115.0781110173424, 1380.9743741245159,1441.5543288641359,1478.2155872661806,1520.4407823678848
545.9443760715732, 639.7336960634951, 665.8786718281882, 115.0820624176683, 1382.2674014812378,1442.5435131947181,1479.0660154263833,1521.0570806149067
546.9443760715732, 640.2575842341033, 666.32451670073, 115.0859021817899, 1383.559635948743,1443.5317299286671,1479.915205370541,1521.6721018659782
547.9443760715732, 640.7819567349603, 666.7708424353668, 115.08963027057071, 1384.8510560797,1444.5189612916026,1480.76313897933,1522.2858318460285
548.9443760715732, 641.3068115017912, 667.2176463150387, 115.09324664631016, 1386.1416403484782,1445.5051894544195,1481.6097980783409,1522.8982562486524
549.9443760715732, 641.832146474834, 667.6649256258968, 115.09675127273609, 1387.431367151008,1446.4903965332146,1482.4551644380188,1523.5093607361077
550.9443760715732, 642.3579595988638, 668.1126776573727, 115.10014411499697, 1388.720214804637,1447.4745645892065,1483.2992197735953,1524.1191309393103
551.9443760715732, 642.8842488232153, 668.5608997022457, 115.10342513965402, 1390.008161547984,1448.457675628656,1484.141945745018,1524.72755245782
552.9443760715732, 643.4110121018066, 669.0095890567085, 115.10659431467361, 1391.2951855407966,1449.4397116027899,1484.9833239568875,1525.3346108598378
553.9443760715732, 643.9382473931618, 669.4587430204336, 115.10965160941947, 1392.5812648638012,1450.4206544077151,1485.8233359583837,1525.9402916821941
554.9443760715732, 644.4659526604328, 669.9083588966386, 115.11259699464496, 1393.8663775185537,1451.4004858843373,1486.6619632431934,1526.5445804303397
555.9443760715732, 644.9941258714224, 670.358433992151, 115.11543044248519, 1395.1505014272902,1452.3791878182792,1487.4991872494434,1527.147462578334
556.9443760715732, 645.5227649986055, 670.8089656174718, 115.11815192644947, 1396.433614432772,1453.3567419397943,1488.334989359621,1527.7489235688324
557.9443760715732, 646.0518680191493, 671.259951086838, 115.12076142141329, 1397.7156942981328,1454.3331299236756,1489.1693509004995,1528.3489488130722
558.9443760715732, 646.5814329149367, 671.7113877182866, 115.12325890361082, 1398.9967187067214,1455.3083333891768,1490.002253143064,1528.9475236908636
559.9443760715732, 647.1114576725845, 672.1632728337146, 115.12564435062696, 1400.2766652619453,1456.2823338999144,1490.8336773024328,1529.5446335505694
560.9443760715732, 647.6419402834653, 672.6156037589427, 115.12791774138962, 1401.55551148711,1457.2551129637832,1491.6636045377752,1530.1402637090914
561.9443760715732, 648.1728787437263, 673.0683778237731, 115.13007905616206, 1402.8332348252577,1458.2266520328626,1492.4920159522349,1530.7343994518565
562.9443760715732, 648.7042710543103, 673.521592362051, 115.13212827653501, 1404.1098126390052,1459.196932503322,1493.3188925928446,1531.327026032794
563.9443760715732, 649.2361152209733, 673.9752447117233, 115.13406538541888, 1405.3852222103774,1460.1659357153276,1494.1442154504443,1531.9181286743208
564.9443760715732, 649.7684092543047, 674.4293322148973, 115.13589036703617, 1406.6594407406433,1461.1336429529483,1494.9679654595964,1532.5076925673209
565.9443760715732, 650.3011511697454, 674.8838522178982, 115.13760320691351, 1407.932445350143,1462.1000354440557,1495.7901234984981,1533.095702871125
566.9443760715732, 650.8343389876057, 675.3388020713264, 115.1392038918741, 1409.2042130781247,1463.0650943602288,1496.6106703888954,1533.6821447134903
567.9443760715732, 651.3679707330837, 675.7941791301137, 115.14069241002979, 1410.4747208825652,1464.02880081665,1497.429586895992,1534.267003190576
568.9443760715732, 651.9020444362831, 676.24998075358, 115.14206875077345, 1411.7439456400011,1464.9911358720087,1498.2468537283628,1534.8502633669243
569.9443760715732, 652.4365581322293, 676.7062043054873, 115.14333290477119, 1413.0118641453528,1465.9520805283962,1499.0624515378572,1535.431910275432
570.9443760715732, 652.9715098608875, 677.1628471540957, 115.14448486395453, 1414.2784531117431,1466.911615731202,1499.8763609195094,1536.0119289173272
571.9443760715732, 653.506897667179, 677.6199066722157, 115.14552462151289, 1415.5436891703257,1467.8697223690094,1500.6885624114407,1536.590304262145
572.9443760715732, 654.0427196009971, 678.077380237262, 115.14645217188564, 1416.8075488700968,1468.8263812734892,1501.499036494768,1537.1670212476986
573.9443760715732, 654.5789737172229, 678.5352652313068, 115.14726751075447, 1418.0700086777147,1469.7815732192898,1502.3077635935006,1537.7420647800518
574.9443760715732, 655.1156580757415, 678.9935590411301, 115.14797063503572, 1419.331044977318,1470.7352789239303,1503.1147240744458,1538.3154197334923
575.9443760715732, 655.6527707414571, 679.452259058273, 115.14856154287251, 1420.5906340703357,1471.6874790476886,1503.9198982471053,1538.8870709504977
576.9443760715732, 656.1903097843075, 679.9113626790864, 115.14904023362725, 1421.8487521753004,1472.6381541934898,1504.7232663635755,1539.45700324171
577.9443760715732, 656.7282732792788, 680.3708673047814, 115.14940670787378, 1423.105375427657,1473.587284906791,1505.5248086184438,1540.0252013859
578.9443760715732, 657.2666593064212, 680.8307703414803, 115.1496609673898, 1424.3604798795723,1474.5348516754707,1506.324505148682,1540.5916501299366
579.9443760715732, 657.8054659508601, 681.2910692002624, 115.14980301514913, 1425.6140414997408,1475.4808349297077,1507.1223360335443,1541.1563341887543
580.9443760715732, 658.3446913028127, 681.7517612972142, 115.149832855314, 1426.8660361731872,1476.425215041866,1507.9182812944548,1541.7192382453168
581.9443760715732, 658.8843334576, 682.2128440534765, 115.14975049322747, 1428.1164397010714,1477.3679723263758,1508.7123208949006,1542.280346950583
582.9443760715732, 659.424390515659, 682.6743148952896, 115.14955593540579, 1429.3652278004856,1478.3090870396127,1509.504434740321,1542.8396449234658
583.9443760715732, 659.9648605825579, 683.136171254042, 115.14924918953064, 1430.6123761042554,1479.2485393797742,1510.2946026779962,1543.3971167508057
584.9443760715732, 660.5057417690064, 683.5984105663138, 115.14883026444166, 1431.8578601607378,1480.1863094867608,1511.0828044969337,1543.9527469873206
585.9443760715732, 661.0470321908679, 684.0610302739215, 115.14829917012871, 1433.1016554336109,1481.1223774420434,1511.8690199277503,1544.5065201555717
586.9443760715732, 661.5887299691735, 684.5240278239643, 115.14765591772432, 1434.343737301671,1482.0567232685478,1512.6532286425604,1545.058420745927
587.9443760715732, 662.1308332301312, 684.9874006688661, 115.14690051949607, 1435.5840810586233,1482.9893269305176,1513.4354102548546,1545.6084332165128
588.9443760715732, 662.6733401051376, 685.4511462664176, 115.14603298883908, 1436.8226619128686,1483.9201683333908,1514.2155443193797,1546.1565419931762
589.9443760715732, 663.2162487307903, 685.9152620798214, 115.14505334026823, 1438.0594549872906,1484.8492273236652,1514.9936103320206,1546.7027314694408
590.9443760715732, 663.7595572488966, 686.3797455777315, 115.14396158941092, 1439.2944353190444,1485.7764836887727,1515.769587729677,1547.246986006462
591.9443760715732, 664.303263806485, 686.844594234295, 115.1427577529992, 1440.5275778593357,1486.7019171569368,1516.5434558901356,1547.789289932983
592.9443760715732, 664.8473665558155, 687.3098055291931, 115.1414418488625, 1441.7588574732035,1487.625507397049,1517.315194131951,1548.3296275452878
593.9443760715732, 665.3918636543883, 687.775376947681, 115.14001389591995, 1442.9882489392985,1488.5472340185213,1518.0847817143133,1548.867983107155
594.9443760715732, 665.9367532649541, 688.2413059806263, 115.13847391417293, 1444.2157269496615,1489.4670765711555,1518.8521978369213,1549.4043408498073
595.9443760715732, 666.4820335555232, 688.7075901245489, 115.13682192469759, 1445.4412661095002,1490.385014545005,1519.617421639855,1549.9386849718692
596.9443760715732, 667.0277026993742, 689.1742268816586, 115.13505794963733, 1446.6648409369577,1491.3010273702275,1520.3804322034387,1550.4709996393067
597.9443760715732, 667.5737588750632, 689.6412137598925, 115.13318201219539, 1447.8864258628882,1492.2150944169487,1521.1412085481124,1551.0012689853866
598.9443760715732, 668.1202002664309, 690.1085482729521, 115.13119413662741, 1449.1059952306239,1493.1271949951165,1521.8997296342957,1551.529477110616
599.9443760715732, 668.6670250626121, 690.5762279403398, 115.12909434823389, 1450.3235232957436,1494.037308354356,1522.6559743622504,1552.055608082695
600.9443760715732, 669.214231458043, 691.0442502873943, 115.12688267335297, 1451.5389842258387,1494.9454136838228,1523.409921571946,1552.5796459364622
601.9443760715732, 669.7618176524678, 691.5126128453262, 115.12455913935288, 1452.7523521002724,1495.8514901120573,1524.1615500429148,1553.1015746738358
602.9443760715732, 670.3097818509483, 691.9813131512525, 115.12212377462458, 1453.963600909947,1496.7555167068303,1524.910838494117,1553.6213782637642
603.9443760715732, 670.8581222638682, 692.4503487482302, 115.11957660857445, 1455.1727045570583,1497.6574724749971,1525.6577655837968,1554.1390406421638
604.9443760715732, 671.4068371069409, 692.9197171852901, 115.11691767161692, 1456.3796368548556,1498.5573363623425,1526.4023099093347,1554.654545711861
605.9443760715732, 671.9559246012169, 693.3894160174698, 115.11414699516713, 1457.584371527395,1499.455087253426,1527.1444500071066,1555.1678773425374
606.9443760715732, 672.5053829730888, 693.8594428058458, 115.11126461163364, 1458.7868822092933,1500.3507039714282,1527.8841643523347,1555.6790193706677
607.9443760715732, 673.0552104542974, 694.3297951175651, 115.10827055441108, 1459.9871424454798,1501.2441652779926,1528.6214313589387,1556.1879555994574
608.9443760715732, 673.6054052819379, 694.8004705258775, 115.10516485787298, 1461.185125690945,1502.1354498730684,1529.3562293793868,1556.6946697987846
609.9443760715732, 674.1559656984649, 695.2714666101637, 115.10194755736448, 1462.3808053104863,1503.0245363947483,1530.0885367045441,1557.199145705134
610.9443760715732, 674.7068899516971, 695.742780955968, 115.09861868919495, 1463.5741545784551,1503.9114034191086,1530.818331563516,1557.7013670215326
611.9443760715732, 675.2581762948238, 696.2144111550267, 115.095178290631, 1464.7651466784978,1504.7960294600462,1531.545592123499,1558.2013174174917
612.9443760715732, 675.8098229864075, 696.6863548052974, 115.09162639988915, 1465.9537547032955,1505.6783929691132,1532.2702964896177,1558.6989805289293
613.9443760715732, 676.3618282903901, 697.1586095109863, 115.08796305612866, 1467.1399516543079,1506.5584723353504,1532.9924227047727,1559.1943399581144
614.9443760715732, 676.9141904760953, 697.6311728825776, 115.08418829944442, 1468.3237104415039,1507.4362458851222,1533.7119487494776,1559.6873792735944
615.9443760715732, 677.4669078182341, 698.10404253686, 115.08030217085974, 1469.5050038830996,1508.3116918819442,1534.4288525416978,1560.178082010125
616.9443760715732, 678.0199785969079, 698.5772160969537, 115.07630471231931, 1470.6838047052881,1509.1847885263137,1535.1431119366894,1560.666431668605
617.9443760715732, 678.5734010976113, 699.0506911923366, 115.07219596668206, 1471.8600855419731,1510.0555139555395,1535.854704726834,1561.1524117160002
618.9443760715732, 679.1271736112362, 699.5244654588699, 115.06797597771414, 1473.0338189344939,1510.9238462435637,1536.5636086414706,1561.6360055852751
619.9443760715732, 679.6812944340746, 699.9985365388246, 115.06364479008168, 1474.2049773313533,1511.7897634007918,1537.269801346733,1562.1171966753197
620.9443760715732, 680.2357618678207, 700.4729020809035, 115.05920244934403, 1475.3735330879422,1512.6532433739112,1537.9732604453739,1562.5959683508763
621.9443760715732, 680.7905742195729, 700.9475597402676, 115.05464900194659, 1476.5394584662558,1513.514264045715,1538.6739634766009,1563.0723039424615
622.9443760715732, 681.345729801839, 701.42250717856, 115.04998449521378, 1477.7027256346241,1514.372803234922,1539.3718879158992,1563.546186746296
623.9443760715732, 681.9012269325341, 701.8977420639269, 115.04520897734223, 1478.8633066674174,1515.228838695995,1540.0670111748595,1564.017600024222
624.9443760715732, 682.4570639349851, 702.3732620710423, 115.04032249739367, 1480.0211735447692,1516.0823481189568,1540.7593106010022,1564.4865270036298
625.9443760715732, 683.013239137932, 702.8490648811293, 115.03532510528815, 1481.1762981522882,1516.9333091292074,1541.4487634776,1564.9529508773783
626.9443760715732, 683.569750875528, 703.3251481819815, 115.03021685179696, 1482.3286522807662,1517.7816992873352,1542.1353470234988,1565.4168548037126
627.9443760715732, 684.1265974873419, 703.8015096679845, 115.02499778853598, 1483.4782076258903,1518.6274960889325,1542.8190383929375,1565.8782219061875
628.9443760715732, 684.6837773183579, 704.278147040137, 115.01966796795865, 1484.6249357879476,1519.4706769644022,1543.499814675365,1566.33703527358
629.9443760715732, 685.2412887189776, 704.7550580060697, 115.01422744334923, 1485.768808271533,1520.311219278771,1544.1776528952598,1566.7932779598164
630.9443760715732, 685.7991300450191, 705.2322402800662, 115.00867626881596, 1486.9097964852463,1521.1491003314943,1544.8525300119372,1567.2469329838757
631.9443760715732, 686.3572996577183, 705.7096915830816, 115.00301449928419, 1488.0478717413944,1521.9842973562622,1545.5244229193713,1567.697983329717
632.9443760715732, 686.915795923728, 706.187409642761, 114.99724219048987, 1489.1830052556932,1522.8167875208055,1546.1933084460004,1568.1464119461868
633.9443760715732, 687.4746172151184, 706.6653921934585, 114.9913593989725, 1490.3151681469556,1523.6465479266951,1546.8591633545361,1568.5922017469316
634.9443760715732, 688.0337619093774, 707.1436369762544, 114.98536618206867, 1491.4443314367923,1524.4735556091473,1547.5219643417781,1569.0353356103162
635.9443760715732, 688.5932283894077, 707.6221417389718, 114.97926259790523, 1492.5704660492993,1525.2977875368217,1548.1816880384117,1569.4757963793309
636.9443760715732, 689.1530150435283, 708.100904236195, 114.97304870539271, 1493.6935428107474,1526.1192206116173,1548.8383110088196,1569.9135668615013
637.9443760715732, 689.7131202654724, 708.5799222292851, 114.96672456421858, 1494.8135324492682,1526.937831668471,1549.4918097508785,1570.3486298287996
638.9443760715732, 690.2735424543866, 709.0591934863949, 114.96029023484078, 1495.9304055945422,1527.7535974751522,1550.142160695768,1570.7809680175512
639.9443760715732, 690.8342800148293, 709.5387157824861, 114.95374577848098, 1497.0441327774752,1528.566494732055,1550.7893402077636,1571.2105641283447
640.9443760715732, 691.3953313567696, 710.0184868993433, 114.94709125711813, 1498.1546844298844,1529.37650007199,1551.4333245840394,1571.6374008259356
641.9443760715732, 691.9566948955837, 710.4985046255882, 114.94032673348187, 1499.262030884172,1530.1835900599733,1552.07409005446,1572.0614607391522
642.9443760715732, 692.5183690520564, 710.9787667566951, 114.93345227104608, 1500.3661423730045,1530.9877411930197,1552.711612781382,1572.4827264608025
643.9443760715732, 693.0803522523752, 711.4592710950028, 114.92646793402223, 1501.4669890289802,1531.7889298999216,1553.3458688594392,1572.901180547572
644.9443760715732, 693.6426429281306, 711.9400154497292, 114.9193737873531, 1502.564540884306,1532.5871325410399,1553.9768343153396,1573.3168055199337
645.9443760715732, 694.2052395163118, 712.420997636983, 114.9121698967063, 1503.658767870465,1533.3823254080853,1554.6044851076522,1573.7295838620425
646.9443760715732, 694.7681404593054, 712.902215479777, 114.9048563284678, 1504.7496398178791,1534.1744847239004,1555.2287971265976,1574.1394980216387
647.9443760715732, 695.3313442048916, 713.3836668080402, 114.89743314973559, 1505.8371264555772,1534.9635866422395,1555.8497461938298,1574.5465304099475
648.9443760715732, 695.8948492062416, 713.8653494586277, 114.88990042831328, 1506.9211974108557,1535.7496072475474,1556.4673080622283,1574.9506634015788
649.9443760715732, 696.4586539219134, 714.3472612753334, 114.88225823270388, 1508.0018222089375,1536.532522554736,1557.0814584156712,1575.3518793344188
650.9443760715732, 697.02275681585, 714.8294001089, 114.87450663210335, 1509.0789702726292,1537.3123085089624,1557.6921728688271,1575.7501605095345
651.9443760715732, 697.587156357374, 715.3117638170293, 114.86664569639441, 1510.152610921977,1538.0889409853953,1558.299426966924,1576.1454891910612
652.9443760715732, 698.1518510211856, 715.7943502643925, 114.8586754961403, 1511.222713373919,1538.8623957889954,1558.9031961855385,1576.537847606105
653.9443760715732, 698.716839287357, 716.2771573226388, 114.85059610257845, 1512.2892467419333,1539.6326486542803,1559.50345593036,1576.927217944627
654.9443760715732, 699.2821196413291, 716.7601828704052, 114.84240758761445, 1513.3521800356893,1540.399675245096,1560.1001815369748,1577.3135823593445
655.9443760715732, 699.8476905739074, 717.243424793325, 114.83411002381571, 1514.4114821606895,1541.1634511543807,1560.6933482706336,1577.6969229656165
656.9443760715732, 700.4135505812567, 717.7268809840352, 114.82570348440545, 1515.467121917917,1541.923951903933,1561.2829313260254,1578.0772218413365
657.9443760715732, 700.9796981648979, 718.2105493421864, 114.81718804325646, 1516.5190680034725,1542.6811529441736,1561.8689058270434,1578.454461026821
658.9443760715732, 701.5461318317016, 718.6944277744477, 114.8085637748851, 1517.5672890082121,1543.4350296539103,1562.4512468265561,1578.8286225247016
659.9443760715732, 702.1128500938839, 719.1785141945159, 114.79983075444522, 1518.6117534173882,1544.185557340093,1563.0299293061703,1579.1996882998033
660.9443760715732, 702.6798514690018, 719.6628065231206, 114.79098905772213, 1519.6524296102793,1544.9327112375786,1563.6049281759986,1579.567640279043
661.9443760715732, 703.2471344799472, 720.1473026880324, 114.7820387611265, 1520.6892858598208,1545.6764665088824,1564.1762182744167,1579.9324603513046
662.9443760715732, 703.8146976549413, 720.6320006240664, 114.77297994168856, 1521.722290332237,1546.416798243936,1564.7437743678279,1580.2941303673285
663.9443760715732, 704.3825395275305, 721.116898273091, 114.76381267705199, 1522.7514110866641,1547.1536814598428,1565.3075711504255,1580.6526321395984
664.9443760715732, 704.9506586365787, 721.6019935840295, 114.75453704546801, 1523.7766160747756,1547.8870911006247,1565.867583243938,1581.007947442214
665.9443760715732, 705.5190535262627, 722.0872845128678, 114.7451531257896, 1524.797873140406,1548.6170020369757,1566.423785197398,1581.3600580107795
666.9443760715732, 706.0877227460664, 722.5727690226577, 114.73566099746544, 1525.8151500191652,1549.3433890660122,1566.9761514868876,1581.7089455422852
667.9443760715732, 706.6566648507734, 723.0584450835212, 114.72606074053431, 1526.8284143380602,1550.066226911014,1567.524656515293,1582.0545916949816
668.9443760715732, 707.2258784004617, 723.5443106726541, 114.71635243561907, 1527.8376336151055,1550.7854902211743,1568.0692746120537,1582.3969780882612
669.9443760715732, 707.7953619604975, 724.0303637743305, 114.70653616392089, 1528.842775258938,1551.5011535713415,1568.6099800329125,1582.7360863025372
670.9443760715732, 708.3651141015275, 724.5166023799038, 114.69661200721369, 1529.8438065684231,1552.2131914617607,1569.1467469596612,1583.071897879116
671.9443760715732, 708.9351333994731, 725.0030244878125, 114.6865800478381, 1530.840694732265,1552.9215783178136,1569.6795494998846,1583.4043943200754
672.9443760715732, 709.5054184355234, 725.489628103579, 114.6764403686961, 1531.8334068286097,1553.626288489756,1570.2083616867053,1583.7335570881412
673.9443760715732, 710.0759677961282, 725.9764112398152, 114.66619305324498, 1532.821909824644,1554.3272962524547,1570.733157478523,1584.0593676065532
674.9443760715732, 710.6467800729902, 726.463371916222, 114.65583818549204, 1533.8061705762,1555.0245758051244,1571.253910758756,1584.3818072589465
675.9443760715732, 711.2178538630592, 726.9505081595913, 114.64537584998872, 1534.7861558273494,1555.7181012710557,1571.7705953355794,1584.700857389218
676.9443760715732, 711.7891877685229, 727.4378180038075, 114.63480613182516, 1535.7618322099963,1556.4078466973517,1572.2831849416561,1585.0164993013973
677.9443760715732, 712.3607803968014, 727.9252994898477, 114.6241291166245, 1536.733166243474,1557.0937860546535,1572.7916532338782,1585.3287142595177
678.9443760715732, 712.9326303605375, 728.4129506657829, 114.61334489053759, 1537.7001243341278,1557.7758932368702,1573.2959737930944,1585.6374834874841
679.9443760715732, 713.5047362775911, 728.9007695867773, 114.60245354023711, 1538.6626727749062,1558.454142060904,1573.7961201238427,1585.9427881689396
680.9443760715732, 714.0770967710289, 729.388754315089, 114.59145515291247, 1539.6207777449467,1559.1285062663737,1574.2920656540762,1586.244609447133
681.9443760715732, 714.6497104691191, 729.876902920069, 114.58034981626413, 1540.574405309153,1559.7989595153413,1574.7837837348973,1586.5429284247855
682.9443760715732, 715.222576005321, 730.3652134781603, 114.56913761849829, 1541.5235214177756,1560.4654753920247,1575.2712476402733,1586.837726163953
683.9443760715732, 715.7956920182776, 730.8536840728975, 114.55781864832134, 1542.468091905991,1561.1280274025225,1575.7544305667652,1587.1289836858875
684.9443760715732, 716.3690571518079, 731.342312794905, 114.54639299493476, 1543.408082493472,1561.7865889745333,1576.2333056332516,1587.4166819709085
685.9443760715732, 716.9426700548976, 731.831097741895, 114.53486074802949, 1544.3434587839633,1562.4411334570643,1576.7078458806416,1587.7008019582536
686.9443760715732, 717.5165293816906, 732.3200370186665, 114.52322199778091, 1545.2741862648443,1563.0916341201487,1577.1780242715977,1587.9813245459477
687.9443760715732, 718.0906337914804, 732.8091287371021, 114.51147683484334, 1546.2002303067034,1563.7380641545574,1577.6438136902518,1588.2582305906567
688.9443760715732, 718.6649819487021, 733.2983710161664, 114.49962535034484, 1547.1215561628935,1564.3803966715095,1578.105186941916,1588.531500907549
689.9443760715732, 719.239572522922, 733.7877619819017, 114.48766763588208, 1548.0381289690997,1565.0186047023778,1578.5621167527984,1588.8011162701528
690.9443760715732, 719.81440418883, 734.2772997674274, 114.47560378351504, 1548.9499137428948,1565.652661198399,1579.0145757697128,1589.067057410213
691.9443760715732, 720.3894756262292, 734.7669825129336, 114.4634338857619, 1549.856875383291,1566.2825390303751,1579.4625365597851,1589.3293050175448
692.9443760715732, 720.964785520028, 735.2568083656803, 114.4511580355939, 1550.7589786703022,1566.9082109883777,1579.9059716101642,1589.58783973989
693.9443760715732, 721.5403325602298, 735.7467754799915, 114.43877632643022, 1551.6561882644871,1567.5296497814484,1580.3448533277233,1589.84264218277
694.9443760715732, 722.1161154419237, 736.2368820172517, 114.42628885213286, 1552.5484687064984,1568.146828037297,1580.779154038764,1590.0936929093386
695.9443760715732, 722.692132865276, 736.7271261459025, 114.41369570700168, 1553.43578441663,1568.759718302003,1581.2088459887214,1590.3409724402343
696.9443760715732, 723.2683835355189, 737.2175060414361, 114.40099698576932, 1554.318099694358,1569.3682930397053,1581.633901341856,1590.584461253429
697.9443760715732, 723.8448661629418, 737.7080198863913, 114.38819278359618, 1555.1953787178809,1569.9725246322994,1582.0542921809565,1590.8241397840786
698.9443760715732, 724.421579462882, 738.1986658703488, 114.37528319606548, 1556.0675855436534,1570.5723853791278,1582.4699905070347,1591.0599884243725
699.9443760715732, 724.9985221557138, 738.6894421899248, 114.36226831917838, 1556.9346841059296,1571.1678474966718,1582.8809682390195,1591.2919875233792
700.9443760715732, 725.5756929668386, 739.180347048766, 114.34914824934897, 1557.7966382162817,1571.7588831182366,1583.2871972134467,1591.5201173868943
701.9443760715732, 726.1530906266755, 739.671378657543, 114.3359230833994, 1558.653411563141,1572.3454642936401,1583.688649184151,1591.7443582772876
702.9443760715732, 726.7307138706507, 740.1625352339452, 114.32259291855512, 1559.5049677113163,1572.9275629888964,1584.0852958219523,1591.9646904133422
703.9443760715732, 727.308561439187, 740.6538150026729, 114.30915785243998, 1560.351270101521,1573.5051510858984,1584.4771087143454,1592.1810939701052
704.9443760715732, 727.8866320776942, 741.1452161954323, 114.2956179830714, 1561.1922820498908,1574.0782003820973,1584.864059365178,1592.3935490787253
705.9443760715732, 728.464924536558, 741.6367370509273, 114.2819734088557, 1562.0279667475052,1574.646682590184,1585.2461191943396,1592.6020358262958
706.9443760715732, 729.0434375711296, 742.1283758148531, 114.26822422858324, 1562.858287259898,1575.2105693377616,1585.6232595374372,1592.8065342556943
707.9443760715732, 729.6221699417157, 742.6201307398887, 114.25437054142382, 1563.6832065265748,1575.7698321670262,1585.9954516454764,1593.0070243654247
708.9443760715732, 730.201120413567, 743.1120000856896, 114.24041244692194, 1564.502687360518,1576.3244425344355,1586.3626666845382,1593.203486109455
709.9443760715732, 730.7802877568677, 743.6039821188787, 114.22635004499209, 1565.316692447696,1576.87437181038,1586.7248757354494,1593.395899397051
710.9443760715732, 731.3596707467256, 744.0960751130407, 114.21218343591424, 1566.1251843465652,1577.4195912788553,1587.0820497934612,1593.5842440926187
711.9443760715732, 731.9392681631595, 744.5882773487118, 114.1979127203291, 1566.928125487573,1577.9600721371264,1587.4341597679147,1593.7685000155343
712.9443760715732, 732.5190787910897, 745.0805871133721, 114.18353799923376, 1567.7254781726542,1578.4957854953973,1587.7811764819157,1593.9486469399867
713.9443760715732, 733.0991014203266, 745.5730027014375, 114.16905937397684, 1568.5172045747274,1579.026702376469,1588.1230706719944,1594.1246645947995
714.9443760715732, 733.6793348455591, 746.0655224142496, 114.15447694625419, 1569.3032667371863,1579.5527937154043,1588.4598129877745,1594.2965326632736
715.9443760715732, 734.2597778663438, 746.5581445600677, 114.13979081810437, 1570.083626573389,1580.0740303591856,1588.791373991635,1594.4642307830143
716.9443760715732, 734.8404292870936, 747.050867454059, 114.1250010919042, 1570.8582458661492,1580.5903830663785,1589.1177241583732,1594.6277385457618
717.9443760715732, 735.4212879170672, 747.5436894182901, 114.11010787036412, 1571.627086267211,1581.1018225067785,1589.4388338748593,1594.7870354972226
718.9443760715732, 736.0023525703556, 748.0366087817156, 114.09511125652413, 1572.390109296739,1581.6083192610706,1589.754673439697,1594.9421011368945
719.9443760715732, 736.5836220658731, 748.5296238801702, 114.08001135374919, 1573.1472763427907,1582.1098438204806,1590.065213062877,1595.0929149178985
720.9443760715732, 737.165095227345, 749.0227330563579, 114.06480826572475, 1573.8985486607926,1582.606366586423,1590.3704228654296,1595.2394562468016
721.9443760715732, 737.7467708832951, 749.5159346598409, 114.04950209645274, 1574.6438873730115,1583.0978578701524,1590.6702728790779,1595.381704483446
722.9443760715732, 738.3286478670342, 750.0092270470308, 114.0340929502471, 1575.383253468027,1583.584287892404,1590.964733045883,1595.5196389407663
723.9443760715732, 738.9107250166505, 750.5026085811775, 114.01858093172943, 1576.116607800194,1584.065626783043,1591.2537732178923,1595.6532388846229
724.9443760715732, 739.493001174995, 750.9960776323576, 114.00296614582491, 1576.843911089106,1584.541844580704,1591.5373631567886,1595.7824835336166
725.9443760715732, 740.0754751896714, 751.4896325774645, 113.98724869775793, 1577.5651239190563,1585.01291123243,1591.8154725335253,1595.9073520589131
726.9443760715732, 740.6581459130239, 751.9832718001976, 113.97142869304808, 1578.2802067384966,1585.478796593313,1592.088070927974,1596.0278235840633
727.9443760715732, 741.2410122021253, 752.4769936910494, 113.95550623750574, 1578.989119859487,1585.9394704261276,1592.3551278285588,1596.1438771848218
728.9443760715732, 741.8240729187642, 752.9707966472955, 113.93948143722825, 1579.6918234571522,1586.3949024009655,1592.6166126318942,1596.2554918889655
729.9443760715732, 742.4073269294346, 753.4646790729834, 113.92335439859552, 1580.3882775691234,1586.8450620948681,1592.8724946424225,1596.3626466761102
730.9443760715732, 742.9907731053222, 753.9586393789187, 113.90712522826612, 1581.078442094989,1587.2899189914565,1593.1227430720419,1596.465320477529
731.9443760715732, 743.5744103222935, 754.4526759826551, 113.89079403317317, 1581.7622767957337,1587.7294424805584,1593.3673270397417,1596.5634921759683
732.9443760715732, 744.1582374608824, 754.9467873084816, 113.87436092052025, 1582.4397412931767,1588.1636018578326,1593.6062155712261,1596.657140605453
733.9443760715732, 744.7422534062795, 755.4409717874107, 113.85782599777754, 1583.1107950694088,1588.5923663243962,1593.8393775985433,1596.7462445511123
734.9443760715732, 745.3264570483187, 755.9352278571654, 113.84118937267772, 1583.775397466225,1589.0157049864442,1594.0667819597106,1596.8307827489862
735.9443760715732, 745.9108472814648, 756.4295539621663, 113.82445115321212, 1584.4335076845546,1589.4335868548687,1594.288397398334,1596.9107338858348
736.9443760715732, 746.4954230048019, 756.9239485535206, 113.80761144762666, 1585.0850847838826,1589.8459808448774,1594.5041925632304,1596.986076598949
737.9443760715732, 747.0801831220205, 757.4184100890077, 113.79067036441806, 1585.730087681681,1590.2528557756073,1594.7141360080445,1597.0567894759631
738.9443760715732, 747.6651265414051, 757.9129370330667, 113.77362801233, 1586.3684751528226,1590.6541803697412,1594.9181961908648,1597.122851054659
739.9443760715732, 748.2502521758219, 758.4075278567836, 113.75648450034912, 1587.0002058289995,1591.0499232531156,1595.116341473838,1597.184239822774
740.9443760715732, 748.8355589427059, 758.9021810378775, 113.73923993770144, 1587.6252381981392,1591.440052954332,1595.3085401227806,1597.2409342178107
741.9443760715732, 749.4210457640488, 759.3968950606878, 113.72189443384828, 1588.2435306038103,1591.824537904362,1595.494760306785,1597.2929126268339
742.9443760715732, 750.0067115663861, 759.8916684161601, 113.70444809848277, 1588.8550412446352,1592.2033464361552,1595.674970097834,1597.3401533862832
743.9443760715732, 750.5925552807844, 760.3864996018333, 113.6869010415259, 1589.4597281736887,1592.5764467842391,1595.8491374703983,1597.382634781768
744.9443760715732, 751.178575842829, 760.8813871218247, 113.66925337312291, 1590.0575492979046,1592.9438070843212,1596.0172303010454,1597.4203350478786
745.9443760715732, 751.7647721926105, 761.3763294868165, 113.6515052036396, 1590.6484623774681,1593.3053953728863,1596.1792163680357,1597.4532323679741
746.9443760715732, 752.3511432747134, 761.8713252140438, 113.63365664365864, 1591.232425025212,1593.6611795867939,1596.3350633509249,1597.4813048739952
747.9443760715732, 752.9376880382016, 762.3663728272762, 113.61570780397592, 1591.8093947060104,1594.011127562874,1596.4847388301587,1597.5045306462557
748.9443760715732, 753.5244054366073, 762.8614708568076, 113.59765879559696, 1592.3793287361605,1594.3552070375138,1596.628210286667,1597.5228877132395
749.9443760715732, 754.1112944279166, 763.3566178394397, 113.57950972973333, 1592.9421842827728,1594.6933856462524,1596.765445101457,1597.5363540514008
750.9443760715732, 754.6983539745576, 763.8518123184674, 113.56126071779907, 1593.4979183631488,1595.0256309233691,1596.8964105552027,1597.5449075849585
751.9443760715732, 755.2855830433873, 764.3470528436657, 113.54291187140717, 1594.0464878441596,1595.3519103014642,1597.0210738278313,1597.54852618569
752.9443760715732, 755.8729806056784, 764.8423379712731, 113.52446330236602, 1594.5878494416206,1595.6721911110444,1597.1394019981103,1597.5471876727227
753.9443760715732, 756.4605456371069, 765.3376662639781, 113.50591512267594, 1595.1219597196607,1595.9864405801063,1597.2513620432305,1597.5408698123294
754.9443760715732, 757.0482771177382, 765.8330362909035, 113.48726744452581, 1595.648775090095,1596.2946258337124,1597.356920838387,1597.5295503177201
755.9443760715732, 757.6361740320149, 766.3284466275915, 113.46852038028946, 1596.168251811782,1596.596713893569,1597.4560451563552,1597.5132068488292
756.9443760715732, 758.224235368743, 766.8238958559887, 113.44967404252242, 1596.680345989988,1596.892671677597,1597.548701667071,1597.4918170121036
757.9443760715732, 758.8124601210808, 767.3193825644307, 113.43072854395835, 1597.1850135757459,1597.182465999512,1597.6348569372065,1597.465358360299
758.9443760715732, 759.4008472865229, 767.8149053476272, 113.41168399750588, 1597.6822103652048,1597.4660635683838,1597.714477429733,1597.4338083922548
